user_id,item_id,rating
101,Item_101_1,4.6
101,Item_101_2,4.6
101,Item_101_3,4.6
101,Item_101_4,4.6
101,Item_101_5,4.6
101,Item_101_6,4.6
101,Item_101_7,4.6
101,Item_101_8,4.6
101,Item_101_9,4.6
101,Item_101_10,4.6
101,Item_101_11,4.6
101,Item_101_12,4.6
101,Item_101_13,4.6
101,Item_101_14,4.6
102,Item_102_1,4.1
102,Item_102_2,4.1
102,Item_102_3,4.1
102,Item_102_4,4.1
102,Item_102_5,4.1
102,Item_102_6,4.1
102,Item_102_7,4.1
102,Item_102_8,4.1
102,Item_102_9,4.1
102,Item_102_10,4.1
102,Item_102_11,4.1
103,Item_103_1,3.4
103,Item_103_2,3.4
103,Item_103_3,3.4
103,Item_103_4,3.4
103,Item_103_5,3.4
103,Item_103_6,3.4
103,Item_103_7,3.4
103,Item_103_8,3.4
103,Item_103_9,3.4
104,Item_104_1,4.7
104,Item_104_2,4.7
104,Item_104_3,4.7
104,Item_104_4,4.7
104,Item_104_5,4.7
104,Item_104_6,4.7
104,Item_104_7,4.7
104,Item_104_8,4.7
104,Item_104_9,4.7
104,Item_104_10,4.7
104,Item_104_11,4.7
104,Item_104_12,4.7
104,Item_104_13,4.7
104,Item_104_14,4.7
104,Item_104_15,4.7
104,Item_104_16,4.7
104,Item_104_17,4.7
104,Item_104_18,4.7
104,Item_104_19,4.7
105,Item_105_1,4.0
105,Item_105_2,4.0
105,Item_105_3,4.0
105,Item_105_4,4.0
105,Item_105_5,4.0
105,Item_105_6,4.0
105,Item_105_7,4.0
105,Item_105_8,4.0
105,Item_105_9,4.0
105,Item_105_10,4.0
105,Item_105_11,4.0
105,Item_105_12,4.0
105,Item_105_13,4.0
106,Item_106_1,3.1
106,Item_106_2,3.1
106,Item_106_3,3.1
106,Item_106_4,3.1
106,Item_106_5,3.1
106,Item_106_6,3.1
106,Item_106_7,3.1
106,Item_106_8,3.1
107,Item_107_1,4.5
107,Item_107_2,4.5
107,Item_107_3,4.5
107,Item_107_4,4.5
107,Item_107_5,4.5
107,Item_107_6,4.5
107,Item_107_7,4.5
107,Item_107_8,4.5
107,Item_107_9,4.5
107,Item_107_10,4.5
107,Item_107_11,4.5
107,Item_107_12,4.5
107,Item_107_13,4.5
107,Item_107_14,4.5
107,Item_107_15,4.5
108,Item_108_1,4.2
108,Item_108_2,4.2
108,Item_108_3,4.2
108,Item_108_4,4.2
108,Item_108_5,4.2
108,Item_108_6,4.2
108,Item_108_7,4.2
108,Item_108_8,4.2
108,Item_108_9,4.2
108,Item_108_10,4.2
108,Item_108_11,4.2
108,Item_108_12,4.2
109,Item_109_1,3.6
109,Item_109_2,3.6
109,Item_109_3,3.6
109,Item_109_4,3.6
109,Item_109_5,3.6
109,Item_109_6,3.6
109,Item_109_7,3.6
109,Item_109_8,3.6
109,Item_109_9,3.6
109,Item_109_10,3.6
110,Item_110_1,4.8
110,Item_110_2,4.8
110,Item_110_3,4.8
110,Item_110_4,4.8
110,Item_110_5,4.8
110,Item_110_6,4.8
110,Item_110_7,4.8
110,Item_110_8,4.8
110,Item_110_9,4.8
110,Item_110_10,4.8
110,Item_110_11,4.8
110,Item_110_12,4.8
110,Item_110_13,4.8
110,Item_110_14,4.8
110,Item_110_15,4.8
110,Item_110_16,4.8
110,Item_110_17,4.8
110,Item_110_18,4.8
110,Item_110_19,4.8
110,Item_110_20,4.8
110,Item_110_21,4.8
111,Item_111_1,3.8
111,Item_111_2,3.8
111,Item_111_3,3.8
111,Item_111_4,3.8
111,Item_111_5,3.8
111,Item_111_6,3.8
111,Item_111_7,3.8
111,Item_111_8,3.8
111,Item_111_9,3.8
111,Item_111_10,3.8
111,Item_111_11,3.8
112,Item_112_1,3.2
112,Item_112_2,3.2
112,Item_112_3,3.2
112,Item_112_4,3.2
112,Item_112_5,3.2
112,Item_112_6,3.2
112,Item_112_7,3.2
113,Item_113_1,4.3
113,Item_113_2,4.3
113,Item_113_3,4.3
113,Item_113_4,4.3
113,Item_113_5,4.3
113,Item_113_6,4.3
113,Item_113_7,4.3
113,Item_113_8,4.3
113,Item_113_9,4.3
113,Item_113_10,4.3
113,Item_113_11,4.3
113,Item_113_12,4.3
113,Item_113_13,4.3
113,Item_113_14,4.3
113,Item_113_15,4.3
113,Item_113_16,4.3
114,Item_114_1,4.4
114,Item_114_2,4.4
114,Item_114_3,4.4
114,Item_114_4,4.4
114,Item_114_5,4.4
114,Item_114_6,4.4
114,Item_114_7,4.4
114,Item_114_8,4.4
114,Item_114_9,4.4
114,Item_114_10,4.4
114,Item_114_11,4.4
114,Item_114_12,4.4
114,Item_114_13,4.4
115,Item_115_1,3.5
115,Item_115_2,3.5
115,Item_115_3,3.5
115,Item_115_4,3.5
115,Item_115_5,3.5
115,Item_115_6,3.5
115,Item_115_7,3.5
115,Item_115_8,3.5
115,Item_115_9,3.5
116,Item_116_1,4.9
116,Item_116_2,4.9
116,Item_116_3,4.9
116,Item_116_4,4.9
116,Item_116_5,4.9
116,Item_116_6,4.9
116,Item_116_7,4.9
116,Item_116_8,4.9
116,Item_116_9,4.9
116,Item_116_10,4.9
116,Item_116_11,4.9
116,Item_116_12,4.9
116,Item_116_13,4.9
116,Item_116_14,4.9
116,Item_116_15,4.9
116,Item_116_16,4.9
116,Item_116_17,4.9
116,Item_116_18,4.9
117,Item_117_1,3.7
117,Item_117_2,3.7
117,Item_117_3,3.7
117,Item_117_4,3.7
117,Item_117_5,3.7
117,Item_117_6,3.7
117,Item_117_7,3.7
117,Item_117_8,3.7
117,Item_117_9,3.7
117,Item_117_10,3.7
117,Item_117_11,3.7
117,Item_117_12,3.7
118,Item_118_1,3.0
118,Item_118_2,3.0
118,Item_118_3,3.0
118,Item_118_4,3.0
118,Item_118_5,3.0
118,Item_118_6,3.0
118,Item_118_7,3.0
118,Item_118_8,3.0
119,Item_119_1,4.7
119,Item_119_2,4.7
119,Item_119_3,4.7
119,Item_119_4,4.7
119,Item_119_5,4.7
119,Item_119_6,4.7
119,Item_119_7,4.7
119,Item_119_8,4.7
119,Item_119_9,4.7
119,Item_119_10,4.7
119,Item_119_11,4.7
119,Item_119_12,4.7
119,Item_119_13,4.7
119,Item_119_14,4.7
120,Item_120_1,4.0
120,Item_120_2,4.0
120,Item_120_3,4.0
120,Item_120_4,4.0
120,Item_120_5,4.0
120,Item_120_6,4.0
120,Item_120_7,4.0
120,Item_120_8,4.0
120,Item_120_9,4.0
120,Item_120_10,4.0
120,Item_120_11,4.0
121,Item_121_1,3.3
121,Item_121_2,3.3
121,Item_121_3,3.3
121,Item_121_4,3.3
121,Item_121_5,3.3
121,Item_121_6,3.3
121,Item_121_7,3.3
121,Item_121_8,3.3
121,Item_121_9,3.3
121,Item_121_10,3.3
122,Item_122_1,4.8
122,Item_122_2,4.8
122,Item_122_3,4.8
122,Item_122_4,4.8
122,Item_122_5,4.8
122,Item_122_6,4.8
122,Item_122_7,4.8
122,Item_122_8,4.8
122,Item_122_9,4.8
122,Item_122_10,4.8
122,Item_122_11,4.8
122,Item_122_12,4.8
122,Item_122_13,4.8
122,Item_122_14,4.8
122,Item_122_15,4.8
122,Item_122_16,4.8
122,Item_122_17,4.8
122,Item_122_18,4.8
122,Item_122_19,4.8
122,Item_122_20,4.8
123,Item_123_1,4.1
123,Item_123_2,4.1
123,Item_123_3,4.1
123,Item_123_4,4.1
123,Item_123_5,4.1
123,Item_123_6,4.1
123,Item_123_7,4.1
123,Item_123_8,4.1
123,Item_123_9,4.1
123,Item_123_10,4.1
123,Item_123_11,4.1
123,Item_123_12,4.1
123,Item_123_13,4.1
124,Item_124_1,3.4
124,Item_124_2,3.4
124,Item_124_3,3.4
124,Item_124_4,3.4
124,Item_124_5,3.4
124,Item_124_6,3.4
124,Item_124_7,3.4
125,Item_125_1,4.6
125,Item_125_2,4.6
125,Item_125_3,4.6
125,Item_125_4,4.6
125,Item_125_5,4.6
125,Item_125_6,4.6
125,Item_125_7,4.6
125,Item_125_8,4.6
125,Item_125_9,4.6
125,Item_125_10,4.6
125,Item_125_11,4.6
125,Item_125_12,4.6
125,Item_125_13,4.6
125,Item_125_14,4.6
125,Item_125_15,4.6
126,Item_126_1,4.3
126,Item_126_2,4.3
126,Item_126_3,4.3
126,Item_126_4,4.3
126,Item_126_5,4.3
126,Item_126_6,4.3
126,Item_126_7,4.3
126,Item_126_8,4.3
126,Item_126_9,4.3
126,Item_126_10,4.3
126,Item_126_11,4.3
126,Item_126_12,4.3
127,Item_127_1,3.6
127,Item_127_2,3.6
127,Item_127_3,3.6
127,Item_127_4,3.6
127,Item_127_5,3.6
127,Item_127_6,3.6
127,Item_127_7,3.6
127,Item_127_8,3.6
127,Item_127_9,3.6
128,Item_128_1,4.9
128,Item_128_2,4.9
128,Item_128_3,4.9
128,Item_128_4,4.9
128,Item_128_5,4.9
128,Item_128_6,4.9
128,Item_128_7,4.9
128,Item_128_8,4.9
128,Item_128_9,4.9
128,Item_128_10,4.9
128,Item_128_11,4.9
128,Item_128_12,4.9
128,Item_128_13,4.9
128,Item_128_14,4.9
128,Item_128_15,4.9
128,Item_128_16,4.9
128,Item_128_17,4.9
128,Item_128_18,4.9
128,Item_128_19,4.9
128,Item_128_20,4.9
128,Item_128_21,4.9
129,Item_129_1,3.8
129,Item_129_2,3.8
129,Item_129_3,3.8
129,Item_129_4,3.8
129,Item_129_5,3.8
129,Item_129_6,3.8
129,Item_129_7,3.8
129,Item_129_8,3.8
129,Item_129_9,3.8
129,Item_129_10,3.8
130,Item_130_1,3.1
130,Item_130_2,3.1
130,Item_130_3,3.1
130,Item_130_4,3.1
130,Item_130_5,3.1
130,Item_130_6,3.1
130,Item_130_7,3.1
130,Item_130_8,3.1
131,Item_131_1,4.5
131,Item_131_2,4.5
131,Item_131_3,4.5
131,Item_131_4,4.5
131,Item_131_5,4.5
131,Item_131_6,4.5
131,Item_131_7,4.5
131,Item_131_8,4.5
131,Item_131_9,4.5
131,Item_131_10,4.5
131,Item_131_11,4.5
131,Item_131_12,4.5
131,Item_131_13,4.5
131,Item_131_14,4.5
131,Item_131_15,4.5
131,Item_131_16,4.5
132,Item_132_1,4.2
132,Item_132_2,4.2
132,Item_132_3,4.2
132,Item_132_4,4.2
132,Item_132_5,4.2
132,Item_132_6,4.2
132,Item_132_7,4.2
132,Item_132_8,4.2
132,Item_132_9,4.2
132,Item_132_10,4.2
132,Item_132_11,4.2
132,Item_132_12,4.2
132,Item_132_13,4.2
133,Item_133_1,3.5
133,Item_133_2,3.5
133,Item_133_3,3.5
133,Item_133_4,3.5
133,Item_133_5,3.5
133,Item_133_6,3.5
133,Item_133_7,3.5
133,Item_133_8,3.5
133,Item_133_9,3.5
134,Item_134_1,4.7
134,Item_134_2,4.7
134,Item_134_3,4.7
134,Item_134_4,4.7
134,Item_134_5,4.7
134,Item_134_6,4.7
134,Item_134_7,4.7
134,Item_134_8,4.7
134,Item_134_9,4.7
134,Item_134_10,4.7
134,Item_134_11,4.7
134,Item_134_12,4.7
134,Item_134_13,4.7
134,Item_134_14,4.7
134,Item_134_15,4.7
134,Item_134_16,4.7
134,Item_134_17,4.7
134,Item_134_18,4.7
135,Item_135_1,3.9
135,Item_135_2,3.9
135,Item_135_3,3.9
135,Item_135_4,3.9
135,Item_135_5,3.9
135,Item_135_6,3.9
135,Item_135_7,3.9
135,Item_135_8,3.9
135,Item_135_9,3.9
135,Item_135_10,3.9
135,Item_135_11,3.9
135,Item_135_12,3.9
136,Item_136_1,3.2
136,Item_136_2,3.2
136,Item_136_3,3.2
136,Item_136_4,3.2
136,Item_136_5,3.2
136,Item_136_6,3.2
136,Item_136_7,3.2
136,Item_136_8,3.2
137,Item_137_1,4.4
137,Item_137_2,4.4
137,Item_137_3,4.4
137,Item_137_4,4.4
137,Item_137_5,4.4
137,Item_137_6,4.4
137,Item_137_7,4.4
137,Item_137_8,4.4
137,Item_137_9,4.4
137,Item_137_10,4.4
137,Item_137_11,4.4
137,Item_137_12,4.4
137,Item_137_13,4.4
137,Item_137_14,4.4
138,Item_138_1,4.1
138,Item_138_2,4.1
138,Item_138_3,4.1
138,Item_138_4,4.1
138,Item_138_5,4.1
138,Item_138_6,4.1
138,Item_138_7,4.1
138,Item_138_8,4.1
138,Item_138_9,4.1
138,Item_138_10,4.1
138,Item_138_11,4.1
139,Item_139_1,3.3
139,Item_139_2,3.3
139,Item_139_3,3.3
139,Item_139_4,3.3
139,Item_139_5,3.3
139,Item_139_6,3.3
139,Item_139_7,3.3
139,Item_139_8,3.3
139,Item_139_9,3.3
139,Item_139_10,3.3
140,Item_140_1,4.8
140,Item_140_2,4.8
140,Item_140_3,4.8
140,Item_140_4,4.8
140,Item_140_5,4.8
140,Item_140_6,4.8
140,Item_140_7,4.8
140,Item_140_8,4.8
140,Item_140_9,4.8
140,Item_140_10,4.8
140,Item_140_11,4.8
140,Item_140_12,4.8
140,Item_140_13,4.8
140,Item_140_14,4.8
140,Item_140_15,4.8
140,Item_140_16,4.8
140,Item_140_17,4.8
140,Item_140_18,4.8
140,Item_140_19,4.8
140,Item_140_20,4.8
141,Item_141_1,4.0
141,Item_141_2,4.0
141,Item_141_3,4.0
141,Item_141_4,4.0
141,Item_141_5,4.0
141,Item_141_6,4.0
141,Item_141_7,4.0
141,Item_141_8,4.0
141,Item_141_9,4.0
141,Item_141_10,4.0
141,Item_141_11,4.0
141,Item_141_12,4.0
141,Item_141_13,4.0
142,Item_142_1,3.1
142,Item_142_2,3.1
142,Item_142_3,3.1
142,Item_142_4,3.1
142,Item_142_5,3.1
142,Item_142_6,3.1
142,Item_142_7,3.1
143,Item_143_1,4.5
143,Item_143_2,4.5
143,Item_143_3,4.5
143,Item_143_4,4.5
143,Item_143_5,4.5
143,Item_143_6,4.5
143,Item_143_7,4.5
143,Item_143_8,4.5
143,Item_143_9,4.5
143,Item_143_10,4.5
143,Item_143_11,4.5
143,Item_143_12,4.5
143,Item_143_13,4.5
143,Item_143_14,4.5
143,Item_143_15,4.5
144,Item_144_1,4.3
144,Item_144_2,4.3
144,Item_144_3,4.3
144,Item_144_4,4.3
144,Item_144_5,4.3
144,Item_144_6,4.3
144,Item_144_7,4.3
144,Item_144_8,4.3
144,Item_144_9,4.3
144,Item_144_10,4.3
144,Item_144_11,4.3
144,Item_144_12,4.3
145,Item_145_1,3.6
145,Item_145_2,3.6
145,Item_145_3,3.6
145,Item_145_4,3.6
145,Item_145_5,3.6
145,Item_145_6,3.6
145,Item_145_7,3.6
145,Item_145_8,3.6
145,Item_145_9,3.6
146,Item_146_1,4.9
146,Item_146_2,4.9
146,Item_146_3,4.9
146,Item_146_4,4.9
146,Item_146_5,4.9
146,Item_146_6,4.9
146,Item_146_7,4.9
146,Item_146_8,4.9
146,Item_146_9,4.9
146,Item_146_10,4.9
146,Item_146_11,4.9
146,Item_146_12,4.9
146,Item_146_13,4.9
146,Item_146_14,4.9
146,Item_146_15,4.9
146,Item_146_16,4.9
146,Item_146_17,4.9
146,Item_146_18,4.9
146,Item_146_19,4.9
146,Item_146_20,4.9
146,Item_146_21,4.9
147,Item_147_1,3.8
147,Item_147_2,3.8
147,Item_147_3,3.8
147,Item_147_4,3.8
147,Item_147_5,3.8
147,Item_147_6,3.8
147,Item_147_7,3.8
147,Item_147_8,3.8
147,Item_147_9,3.8
147,Item_147_10,3.8
148,Item_148_1,3.0
148,Item_148_2,3.0
148,Item_148_3,3.0
148,Item_148_4,3.0
148,Item_148_5,3.0
148,Item_148_6,3.0
148,Item_148_7,3.0
148,Item_148_8,3.0
149,Item_149_1,4.7
149,Item_149_2,4.7
149,Item_149_3,4.7
149,Item_149_4,4.7
149,Item_149_5,4.7
149,Item_149_6,4.7
149,Item_149_7,4.7
149,Item_149_8,4.7
149,Item_149_9,4.7
149,Item_149_10,4.7
149,Item_149_11,4.7
149,Item_149_12,4.7
149,Item_149_13,4.7
149,Item_149_14,4.7
149,Item_149_15,4.7
149,Item_149_16,4.7
150,Item_150_1,4.0
150,Item_150_2,4.0
150,Item_150_3,4.0
150,Item_150_4,4.0
150,Item_150_5,4.0
150,Item_150_6,4.0
150,Item_150_7,4.0
150,Item_150_8,4.0
150,Item_150_9,4.0
150,Item_150_10,4.0
150,Item_150_11,4.0
151,Item_151_1,3.3
151,Item_151_2,3.3
151,Item_151_3,3.3
151,Item_151_4,3.3
151,Item_151_5,3.3
151,Item_151_6,3.3
151,Item_151_7,3.3
151,Item_151_8,3.3
151,Item_151_9,3.3
151,Item_151_10,3.3
152,Item_152_1,4.8
152,Item_152_2,4.8
152,Item_152_3,4.8
152,Item_152_4,4.8
152,Item_152_5,4.8
152,Item_152_6,4.8
152,Item_152_7,4.8
152,Item_152_8,4.8
152,Item_152_9,4.8
152,Item_152_10,4.8
152,Item_152_11,4.8
152,Item_152_12,4.8
152,Item_152_13,4.8
152,Item_152_14,4.8
152,Item_152_15,4.8
152,Item_152_16,4.8
152,Item_152_17,4.8
152,Item_152_18,4.8
152,Item_152_19,4.8
152,Item_152_20,4.8
153,Item_153_1,4.1
153,Item_153_2,4.1
153,Item_153_3,4.1
153,Item_153_4,4.1
153,Item_153_5,4.1
153,Item_153_6,4.1
153,Item_153_7,4.1
153,Item_153_8,4.1
153,Item_153_9,4.1
153,Item_153_10,4.1
153,Item_153_11,4.1
153,Item_153_12,4.1
153,Item_153_13,4.1
154,Item_154_1,3.4
154,Item_154_2,3.4
154,Item_154_3,3.4
154,Item_154_4,3.4
154,Item_154_5,3.4
154,Item_154_6,3.4
154,Item_154_7,3.4
155,Item_155_1,4.6
155,Item_155_2,4.6
155,Item_155_3,4.6
155,Item_155_4,4.6
155,Item_155_5,4.6
155,Item_155_6,4.6
155,Item_155_7,4.6
155,Item_155_8,4.6
155,Item_155_9,4.6
155,Item_155_10,4.6
155,Item_155_11,4.6
155,Item_155_12,4.6
155,Item_155_13,4.6
155,Item_155_14,4.6
155,Item_155_15,4.6
156,Item_156_1,4.3
156,Item_156_2,4.3
156,Item_156_3,4.3
156,Item_156_4,4.3
156,Item_156_5,4.3
156,Item_156_6,4.3
156,Item_156_7,4.3
156,Item_156_8,4.3
156,Item_156_9,4.3
156,Item_156_10,4.3
156,Item_156_11,4.3
156,Item_156_12,4.3
157,Item_157_1,3.6
157,Item_157_2,3.6
157,Item_157_3,3.6
157,Item_157_4,3.6
157,Item_157_5,3.6
157,Item_157_6,3.6
157,Item_157_7,3.6
157,Item_157_8,3.6
157,Item_157_9,3.6
158,Item_158_1,4.9
158,Item_158_2,4.9
158,Item_158_3,4.9
158,Item_158_4,4.9
158,Item_158_5,4.9
158,Item_158_6,4.9
158,Item_158_7,4.9
158,Item_158_8,4.9
158,Item_158_9,4.9
158,Item_158_10,4.9
158,Item_158_11,4.9
158,Item_158_12,4.9
158,Item_158_13,4.9
158,Item_158_14,4.9
158,Item_158_15,4.9
158,Item_158_16,4.9
158,Item_158_17,4.9
158,Item_158_18,4.9
158,Item_158_19,4.9
158,Item_158_20,4.9
158,Item_158_21,4.9
159,Item_159_1,3.8
159,Item_159_2,3.8
159,Item_159_3,3.8
159,Item_159_4,3.8
159,Item_159_5,3.8
159,Item_159_6,3.8
159,Item_159_7,3.8
159,Item_159_8,3.8
159,Item_159_9,3.8
159,Item_159_10,3.8
160,Item_160_1,3.1
160,Item_160_2,3.1
160,Item_160_3,3.1
160,Item_160_4,3.1
160,Item_160_5,3.1
160,Item_160_6,3.1
160,Item_160_7,3.1
160,Item_160_8,3.1
161,Item_161_1,4.5
161,Item_161_2,4.5
161,Item_161_3,4.5
161,Item_161_4,4.5
161,Item_161_5,4.5
161,Item_161_6,4.5
161,Item_161_7,4.5
161,Item_161_8,4.5
161,Item_161_9,4.5
161,Item_161_10,4.5
161,Item_161_11,4.5
161,Item_161_12,4.5
161,Item_161_13,4.5
161,Item_161_14,4.5
161,Item_161_15,4.5
161,Item_161_16,4.5
162,Item_162_1,4.2
162,Item_162_2,4.2
162,Item_162_3,4.2
162,Item_162_4,4.2
162,Item_162_5,4.2
162,Item_162_6,4.2
162,Item_162_7,4.2
162,Item_162_8,4.2
162,Item_162_9,4.2
162,Item_162_10,4.2
162,Item_162_11,4.2
162,Item_162_12,4.2
162,Item_162_13,4.2
163,Item_163_1,3.5
163,Item_163_2,3.5
163,Item_163_3,3.5
163,Item_163_4,3.5
163,Item_163_5,3.5
163,Item_163_6,3.5
163,Item_163_7,3.5
163,Item_163_8,3.5
163,Item_163_9,3.5
164,Item_164_1,4.7
164,Item_164_2,4.7
164,Item_164_3,4.7
164,Item_164_4,4.7
164,Item_164_5,4.7
164,Item_164_6,4.7
164,Item_164_7,4.7
164,Item_164_8,4.7
164,Item_164_9,4.7
164,Item_164_10,4.7
164,Item_164_11,4.7
164,Item_164_12,4.7
164,Item_164_13,4.7
164,Item_164_14,4.7
164,Item_164_15,4.7
164,Item_164_16,4.7
164,Item_164_17,4.7
164,Item_164_18,4.7
165,Item_165_1,3.9
165,Item_165_2,3.9
165,Item_165_3,3.9
165,Item_165_4,3.9
165,Item_165_5,3.9
165,Item_165_6,3.9
165,Item_165_7,3.9
165,Item_165_8,3.9
165,Item_165_9,3.9
165,Item_165_10,3.9
165,Item_165_11,3.9
165,Item_165_12,3.9
166,Item_166_1,3.2
166,Item_166_2,3.2
166,Item_166_3,3.2
166,Item_166_4,3.2
166,Item_166_5,3.2
166,Item_166_6,3.2
166,Item_166_7,3.2
166,Item_166_8,3.2
167,Item_167_1,4.4
167,Item_167_2,4.4
167,Item_167_3,4.4
167,Item_167_4,4.4
167,Item_167_5,4.4
167,Item_167_6,4.4
167,Item_167_7,4.4
167,Item_167_8,4.4
167,Item_167_9,4.4
167,Item_167_10,4.4
167,Item_167_11,4.4
167,Item_167_12,4.4
167,Item_167_13,4.4
167,Item_167_14,4.4
168,Item_168_1,4.1
168,Item_168_2,4.1
168,Item_168_3,4.1
168,Item_168_4,4.1
168,Item_168_5,4.1
168,Item_168_6,4.1
168,Item_168_7,4.1
168,Item_168_8,4.1
168,Item_168_9,4.1
168,Item_168_10,4.1
168,Item_168_11,4.1
169,Item_169_1,3.3
169,Item_169_2,3.3
169,Item_169_3,3.3
169,Item_169_4,3.3
169,Item_169_5,3.3
169,Item_169_6,3.3
169,Item_169_7,3.3
169,Item_169_8,3.3
169,Item_169_9,3.3
169,Item_169_10,3.3
170,Item_170_1,4.8
170,Item_170_2,4.8
170,Item_170_3,4.8
170,Item_170_4,4.8
170,Item_170_5,4.8
170,Item_170_6,4.8
170,Item_170_7,4.8
170,Item_170_8,4.8
170,Item_170_9,4.8
170,Item_170_10,4.8
170,Item_170_11,4.8
170,Item_170_12,4.8
170,Item_170_13,4.8
170,Item_170_14,4.8
170,Item_170_15,4.8
170,Item_170_16,4.8
170,Item_170_17,4.8
170,Item_170_18,4.8
170,Item_170_19,4.8
170,Item_170_20,4.8
171,Item_171_1,4.0
171,Item_171_2,4.0
171,Item_171_3,4.0
171,Item_171_4,4.0
171,Item_171_5,4.0
171,Item_171_6,4.0
171,Item_171_7,4.0
171,Item_171_8,4.0
171,Item_171_9,4.0
171,Item_171_10,4.0
171,Item_171_11,4.0
171,Item_171_12,4.0
171,Item_171_13,4.0
172,Item_172_1,3.1
172,Item_172_2,3.1
172,Item_172_3,3.1
172,Item_172_4,3.1
172,Item_172_5,3.1
172,Item_172_6,3.1
172,Item_172_7,3.1
173,Item_173_1,4.5
173,Item_173_2,4.5
173,Item_173_3,4.5
173,Item_173_4,4.5
173,Item_173_5,4.5
173,Item_173_6,4.5
173,Item_173_7,4.5
173,Item_173_8,4.5
173,Item_173_9,4.5
173,Item_173_10,4.5
173,Item_173_11,4.5
173,Item_173_12,4.5
173,Item_173_13,4.5
173,Item_173_14,4.5
173,Item_173_15,4.5
174,Item_174_1,4.3
174,Item_174_2,4.3
174,Item_174_3,4.3
174,Item_174_4,4.3
174,Item_174_5,4.3
174,Item_174_6,4.3
174,Item_174_7,4.3
174,Item_174_8,4.3
174,Item_174_9,4.3
174,Item_174_10,4.3
174,Item_174_11,4.3
174,Item_174_12,4.3
175,Item_175_1,3.6
175,Item_175_2,3.6
175,Item_175_3,3.6
175,Item_175_4,3.6
175,Item_175_5,3.6
175,Item_175_6,3.6
175,Item_175_7,3.6
175,Item_175_8,3.6
175,Item_175_9,3.6
176,Item_176_1,4.9
176,Item_176_2,4.9
176,Item_176_3,4.9
176,Item_176_4,4.9
176,Item_176_5,4.9
176,Item_176_6,4.9
176,Item_176_7,4.9
176,Item_176_8,4.9
176,Item_176_9,4.9
176,Item_176_10,4.9
176,Item_176_11,4.9
176,Item_176_12,4.9
176,Item_176_13,4.9
176,Item_176_14,4.9
176,Item_176_15,4.9
176,Item_176_16,4.9
176,Item_176_17,4.9
176,Item_176_18,4.9
176,Item_176_19,4.9
176,Item_176_20,4.9
176,Item_176_21,4.9
177,Item_177_1,3.8
177,Item_177_2,3.8
177,Item_177_3,3.8
177,Item_177_4,3.8
177,Item_177_5,3.8
177,Item_177_6,3.8
177,Item_177_7,3.8
177,Item_177_8,3.8
177,Item_177_9,3.8
177,Item_177_10,3.8
178,Item_178_1,3.0
178,Item_178_2,3.0
178,Item_178_3,3.0
178,Item_178_4,3.0
178,Item_178_5,3.0
178,Item_178_6,3.0
178,Item_178_7,3.0
178,Item_178_8,3.0
179,Item_179_1,4.7
179,Item_179_2,4.7
179,Item_179_3,4.7
179,Item_179_4,4.7
179,Item_179_5,4.7
179,Item_179_6,4.7
179,Item_179_7,4.7
179,Item_179_8,4.7
179,Item_179_9,4.7
179,Item_179_10,4.7
179,Item_179_11,4.7
179,Item_179_12,4.7
179,Item_179_13,4.7
179,Item_179_14,4.7
179,Item_179_15,4.7
179,Item_179_16,4.7
180,Item_180_1,4.0
180,Item_180_2,4.0
180,Item_180_3,4.0
180,Item_180_4,4.0
180,Item_180_5,4.0
180,Item_180_6,4.0
180,Item_180_7,4.0
180,Item_180_8,4.0
180,Item_180_9,4.0
180,Item_180_10,4.0
180,Item_180_11,4.0
181,Item_181_1,3.3
181,Item_181_2,3.3
181,Item_181_3,3.3
181,Item_181_4,3.3
181,Item_181_5,3.3
181,Item_181_6,3.3
181,Item_181_7,3.3
181,Item_181_8,3.3
181,Item_181_9,3.3
181,Item_181_10,3.3
182,Item_182_1,4.8
182,Item_182_2,4.8
182,Item_182_3,4.8
182,Item_182_4,4.8
182,Item_182_5,4.8
182,Item_182_6,4.8
182,Item_182_7,4.8
182,Item_182_8,4.8
182,Item_182_9,4.8
182,Item_182_10,4.8
182,Item_182_11,4.8
182,Item_182_12,4.8
182,Item_182_13,4.8
182,Item_182_14,4.8
182,Item_182_15,4.8
182,Item_182_16,4.8
182,Item_182_17,4.8
182,Item_182_18,4.8
182,Item_182_19,4.8
182,Item_182_20,4.8
183,Item_183_1,4.1
183,Item_183_2,4.1
183,Item_183_3,4.1
183,Item_183_4,4.1
183,Item_183_5,4.1
183,Item_183_6,4.1
183,Item_183_7,4.1
183,Item_183_8,4.1
183,Item_183_9,4.1
183,Item_183_10,4.1
183,Item_183_11,4.1
183,Item_183_12,4.1
183,Item_183_13,4.1
184,Item_184_1,3.4
184,Item_184_2,3.4
184,Item_184_3,3.4
184,Item_184_4,3.4
184,Item_184_5,3.4
184,Item_184_6,3.4
184,Item_184_7,3.4
185,Item_185_1,4.6
185,Item_185_2,4.6
185,Item_185_3,4.6
185,Item_185_4,4.6
185,Item_185_5,4.6
185,Item_185_6,4.6
185,Item_185_7,4.6
185,Item_185_8,4.6
185,Item_185_9,4.6
185,Item_185_10,4.6
185,Item_185_11,4.6
185,Item_185_12,4.6
185,Item_185_13,4.6
185,Item_185_14,4.6
185,Item_185_15,4.6
186,Item_186_1,4.3
186,Item_186_2,4.3
186,Item_186_3,4.3
186,Item_186_4,4.3
186,Item_186_5,4.3
186,Item_186_6,4.3
186,Item_186_7,4.3
186,Item_186_8,4.3
186,Item_186_9,4.3
186,Item_186_10,4.3
186,Item_186_11,4.3
186,Item_186_12,4.3
187,Item_187_1,3.6
187,Item_187_2,3.6
187,Item_187_3,3.6
187,Item_187_4,3.6
187,Item_187_5,3.6
187,Item_187_6,3.6
187,Item_187_7,3.6
187,Item_187_8,3.6
187,Item_187_9,3.6
188,Item_188_1,4.9
188,Item_188_2,4.9
188,Item_188_3,4.9
188,Item_188_4,4.9
188,Item_188_5,4.9
188,Item_188_6,4.9
188,Item_188_7,4.9
188,Item_188_8,4.9
188,Item_188_9,4.9
188,Item_188_10,4.9
188,Item_188_11,4.9
188,Item_188_12,4.9
188,Item_188_13,4.9
188,Item_188_14,4.9
188,Item_188_15,4.9
188,Item_188_16,4.9
188,Item_188_17,4.9
188,Item_188_18,4.9
188,Item_188_19,4.9
188,Item_188_20,4.9
188,Item_188_21,4.9
189,Item_189_1,3.8
189,Item_189_2,3.8
189,Item_189_3,3.8
189,Item_189_4,3.8
189,Item_189_5,3.8
189,Item_189_6,3.8
189,Item_189_7,3.8
189,Item_189_8,3.8
189,Item_189_9,3.8
189,Item_189_10,3.8
190,Item_190_1,3.1
190,Item_190_2,3.1
190,Item_190_3,3.1
190,Item_190_4,3.1
190,Item_190_5,3.1
190,Item_190_6,3.1
190,Item_190_7,3.1
190,Item_190_8,3.1
191,Item_191_1,4.5
191,Item_191_2,4.5
191,Item_191_3,4.5
191,Item_191_4,4.5
191,Item_191_5,4.5
191,Item_191_6,4.5
191,Item_191_7,4.5
191,Item_191_8,4.5
191,Item_191_9,4.5
191,Item_191_10,4.5
191,Item_191_11,4.5
191,Item_191_12,4.5
191,Item_191_13,4.5
191,Item_191_14,4.5
191,Item_191_15,4.5
191,Item_191_16,4.5
192,Item_192_1,4.2
192,Item_192_2,4.2
192,Item_192_3,4.2
192,Item_192_4,4.2
192,Item_192_5,4.2
192,Item_192_6,4.2
192,Item_192_7,4.2
192,Item_192_8,4.2
192,Item_192_9,4.2
192,Item_192_10,4.2
192,Item_192_11,4.2
192,Item_192_12,4.2
192,Item_192_13,4.2
193,Item_193_1,3.5
193,Item_193_2,3.5
193,Item_193_3,3.5
193,Item_193_4,3.5
193,Item_193_5,3.5
193,Item_193_6,3.5
193,Item_193_7,3.5
193,Item_193_8,3.5
193,Item_193_9,3.5
194,Item_194_1,4.7
194,Item_194_2,4.7
194,Item_194_3,4.7
194,Item_194_4,4.7
194,Item_194_5,4.7
194,Item_194_6,4.7
194,Item_194_7,4.7
194,Item_194_8,4.7
194,Item_194_9,4.7
194,Item_194_10,4.7
194,Item_194_11,4.7
194,Item_194_12,4.7
194,Item_194_13,4.7
194,Item_194_14,4.7
194,Item_194_15,4.7
194,Item_194_16,4.7
194,Item_194_17,4.7
194,Item_194_18,4.7
195,Item_195_1,3.9
195,Item_195_2,3.9
195,Item_195_3,3.9
195,Item_195_4,3.9
195,Item_195_5,3.9
195,Item_195_6,3.9
195,Item_195_7,3.9
195,Item_195_8,3.9
195,Item_195_9,3.9
195,Item_195_10,3.9
195,Item_195_11,3.9
195,Item_195_12,3.9
196,Item_196_1,3.2
196,Item_196_2,3.2
196,Item_196_3,3.2
196,Item_196_4,3.2
196,Item_196_5,3.2
196,Item_196_6,3.2
196,Item_196_7,3.2
196,Item_196_8,3.2
197,Item_197_1,4.4
197,Item_197_2,4.4
197,Item_197_3,4.4
197,Item_197_4,4.4
197,Item_197_5,4.4
197,Item_197_6,4.4
197,Item_197_7,4.4
197,Item_197_8,4.4
197,Item_197_9,4.4
197,Item_197_10,4.4
197,Item_197_11,4.4
197,Item_197_12,4.4
197,Item_197_13,4.4
197,Item_197_14,4.4
198,Item_198_1,4.1
198,Item_198_2,4.1
198,Item_198_3,4.1
198,Item_198_4,4.1
198,Item_198_5,4.1
198,Item_198_6,4.1
198,Item_198_7,4.1
198,Item_198_8,4.1
198,Item_198_9,4.1
198,Item_198_10,4.1
198,Item_198_11,4.1
199,Item_199_1,3.3
199,Item_199_2,3.3
199,Item_199_3,3.3
199,Item_199_4,3.3
199,Item_199_5,3.3
199,Item_199_6,3.3
199,Item_199_7,3.3
199,Item_199_8,3.3
199,Item_199_9,3.3
199,Item_199_10,3.3
200,Item_200_1,4.8
200,Item_200_2,4.8
200,Item_200_3,4.8
200,Item_200_4,4.8
200,Item_200_5,4.8
200,Item_200_6,4.8
200,Item_200_7,4.8
200,Item_200_8,4.8
200,Item_200_9,4.8
200,Item_200_10,4.8
200,Item_200_11,4.8
200,Item_200_12,4.8
200,Item_200_13,4.8
200,Item_200_14,4.8
200,Item_200_15,4.8
200,Item_200_16,4.8
200,Item_200_17,4.8
200,Item_200_18,4.8
200,Item_200_19,4.8
200,Item_200_20,4.8
201,Item_201_1,4.0
201,Item_201_2,4.0
201,Item_201_3,4.0
201,Item_201_4,4.0
201,Item_201_5,4.0
201,Item_201_6,4.0
201,Item_201_7,4.0
201,Item_201_8,4.0
201,Item_201_9,4.0
201,Item_201_10,4.0
201,Item_201_11,4.0
201,Item_201_12,4.0
201,Item_201_13,4.0
202,Item_202_1,3.1
202,Item_202_2,3.1
202,Item_202_3,3.1
202,Item_202_4,3.1
202,Item_202_5,3.1
202,Item_202_6,3.1
202,Item_202_7,3.1
203,Item_203_1,4.5
203,Item_203_2,4.5
203,Item_203_3,4.5
203,Item_203_4,4.5
203,Item_203_5,4.5
203,Item_203_6,4.5
203,Item_203_7,4.5
203,Item_203_8,4.5
203,Item_203_9,4.5
203,Item_203_10,4.5
203,Item_203_11,4.5
203,Item_203_12,4.5
203,Item_203_13,4.5
203,Item_203_14,4.5
203,Item_203_15,4.5
204,Item_204_1,4.3
204,Item_204_2,4.3
204,Item_204_3,4.3
204,Item_204_4,4.3
204,Item_204_5,4.3
204,Item_204_6,4.3
204,Item_204_7,4.3
204,Item_204_8,4.3
204,Item_204_9,4.3
204,Item_204_10,4.3
204,Item_204_11,4.3
204,Item_204_12,4.3
205,Item_205_1,3.6
205,Item_205_2,3.6
205,Item_205_3,3.6
205,Item_205_4,3.6
205,Item_205_5,3.6
205,Item_205_6,3.6
205,Item_205_7,3.6
205,Item_205_8,3.6
205,Item_205_9,3.6
206,Item_206_1,4.9
206,Item_206_2,4.9
206,Item_206_3,4.9
206,Item_206_4,4.9
206,Item_206_5,4.9
206,Item_206_6,4.9
206,Item_206_7,4.9
206,Item_206_8,4.9
206,Item_206_9,4.9
206,Item_206_10,4.9
206,Item_206_11,4.9
206,Item_206_12,4.9
206,Item_206_13,4.9
206,Item_206_14,4.9
206,Item_206_15,4.9
206,Item_206_16,4.9
206,Item_206_17,4.9
206,Item_206_18,4.9
206,Item_206_19,4.9
206,Item_206_20,4.9
206,Item_206_21,4.9
207,Item_207_1,3.8
207,Item_207_2,3.8
207,Item_207_3,3.8
207,Item_207_4,3.8
207,Item_207_5,3.8
207,Item_207_6,3.8
207,Item_207_7,3.8
207,Item_207_8,3.8
207,Item_207_9,3.8
207,Item_207_10,3.8
208,Item_208_1,3.0
208,Item_208_2,3.0
208,Item_208_3,3.0
208,Item_208_4,3.0
208,Item_208_5,3.0
208,Item_208_6,3.0
208,Item_208_7,3.0
208,Item_208_8,3.0
209,Item_209_1,4.7
209,Item_209_2,4.7
209,Item_209_3,4.7
209,Item_209_4,4.7
209,Item_209_5,4.7
209,Item_209_6,4.7
209,Item_209_7,4.7
209,Item_209_8,4.7
209,Item_209_9,4.7
209,Item_209_10,4.7
209,Item_209_11,4.7
209,Item_209_12,4.7
209,Item_209_13,4.7
209,Item_209_14,4.7
209,Item_209_15,4.7
209,Item_209_16,4.7
210,Item_210_1,4.0
210,Item_210_2,4.0
210,Item_210_3,4.0
210,Item_210_4,4.0
210,Item_210_5,4.0
210,Item_210_6,4.0
210,Item_210_7,4.0
210,Item_210_8,4.0
210,Item_210_9,4.0
210,Item_210_10,4.0
210,Item_210_11,4.0
211,Item_211_1,3.3
211,Item_211_2,3.3
211,Item_211_3,3.3
211,Item_211_4,3.3
211,Item_211_5,3.3
211,Item_211_6,3.3
211,Item_211_7,3.3
211,Item_211_8,3.3
211,Item_211_9,3.3
211,Item_211_10,3.3
212,Item_212_1,4.8
212,Item_212_2,4.8
212,Item_212_3,4.8
212,Item_212_4,4.8
212,Item_212_5,4.8
212,Item_212_6,4.8
212,Item_212_7,4.8
212,Item_212_8,4.8
212,Item_212_9,4.8
212,Item_212_10,4.8
212,Item_212_11,4.8
212,Item_212_12,4.8
212,Item_212_13,4.8
212,Item_212_14,4.8
212,Item_212_15,4.8
212,Item_212_16,4.8
212,Item_212_17,4.8
212,Item_212_18,4.8
212,Item_212_19,4.8
212,Item_212_20,4.8
213,Item_213_1,4.1
213,Item_213_2,4.1
213,Item_213_3,4.1
213,Item_213_4,4.1
213,Item_213_5,4.1
213,Item_213_6,4.1
213,Item_213_7,4.1
213,Item_213_8,4.1
213,Item_213_9,4.1
213,Item_213_10,4.1
213,Item_213_11,4.1
213,Item_213_12,4.1
213,Item_213_13,4.1
214,Item_214_1,3.4
214,Item_214_2,3.4
214,Item_214_3,3.4
214,Item_214_4,3.4
214,Item_214_5,3.4
214,Item_214_6,3.4
214,Item_214_7,3.4
215,Item_215_1,4.6
215,Item_215_2,4.6
215,Item_215_3,4.6
215,Item_215_4,4.6
215,Item_215_5,4.6
215,Item_215_6,4.6
215,Item_215_7,4.6
215,Item_215_8,4.6
215,Item_215_9,4.6
215,Item_215_10,4.6
215,Item_215_11,4.6
215,Item_215_12,4.6
215,Item_215_13,4.6
215,Item_215_14,4.6
215,Item_215_15,4.6
216,Item_216_1,4.3
216,Item_216_2,4.3
216,Item_216_3,4.3
216,Item_216_4,4.3
216,Item_216_5,4.3
216,Item_216_6,4.3
216,Item_216_7,4.3
216,Item_216_8,4.3
216,Item_216_9,4.3
216,Item_216_10,4.3
216,Item_216_11,4.3
216,Item_216_12,4.3
217,Item_217_1,3.6
217,Item_217_2,3.6
217,Item_217_3,3.6
217,Item_217_4,3.6
217,Item_217_5,3.6
217,Item_217_6,3.6
217,Item_217_7,3.6
217,Item_217_8,3.6
217,Item_217_9,3.6
218,Item_218_1,4.9
218,Item_218_2,4.9
218,Item_218_3,4.9
218,Item_218_4,4.9
218,Item_218_5,4.9
218,Item_218_6,4.9
218,Item_218_7,4.9
218,Item_218_8,4.9
218,Item_218_9,4.9
218,Item_218_10,4.9
218,Item_218_11,4.9
218,Item_218_12,4.9
218,Item_218_13,4.9
218,Item_218_14,4.9
218,Item_218_15,4.9
218,Item_218_16,4.9
218,Item_218_17,4.9
218,Item_218_18,4.9
218,Item_218_19,4.9
218,Item_218_20,4.9
218,Item_218_21,4.9
219,Item_219_1,3.8
219,Item_219_2,3.8
219,Item_219_3,3.8
219,Item_219_4,3.8
219,Item_219_5,3.8
219,Item_219_6,3.8
219,Item_219_7,3.8
219,Item_219_8,3.8
219,Item_219_9,3.8
219,Item_219_10,3.8
220,Item_220_1,3.1
220,Item_220_2,3.1
220,Item_220_3,3.1
220,Item_220_4,3.1
220,Item_220_5,3.1
220,Item_220_6,3.1
220,Item_220_7,3.1
220,Item_220_8,3.1
221,Item_221_1,4.5
221,Item_221_2,4.5
221,Item_221_3,4.5
221,Item_221_4,4.5
221,Item_221_5,4.5
221,Item_221_6,4.5
221,Item_221_7,4.5
221,Item_221_8,4.5
221,Item_221_9,4.5
221,Item_221_10,4.5
221,Item_221_11,4.5
221,Item_221_12,4.5
221,Item_221_13,4.5
221,Item_221_14,4.5
221,Item_221_15,4.5
221,Item_221_16,4.5
222,Item_222_1,4.2
222,Item_222_2,4.2
222,Item_222_3,4.2
222,Item_222_4,4.2
222,Item_222_5,4.2
222,Item_222_6,4.2
222,Item_222_7,4.2
222,Item_222_8,4.2
222,Item_222_9,4.2
222,Item_222_10,4.2
222,Item_222_11,4.2
222,Item_222_12,4.2
222,Item_222_13,4.2
223,Item_223_1,3.5
223,Item_223_2,3.5
223,Item_223_3,3.5
223,Item_223_4,3.5
223,Item_223_5,3.5
223,Item_223_6,3.5
223,Item_223_7,3.5
223,Item_223_8,3.5
223,Item_223_9,3.5
224,Item_224_1,4.7
224,Item_224_2,4.7
224,Item_224_3,4.7
224,Item_224_4,4.7
224,Item_224_5,4.7
224,Item_224_6,4.7
224,Item_224_7,4.7
224,Item_224_8,4.7
224,Item_224_9,4.7
224,Item_224_10,4.7
224,Item_224_11,4.7
224,Item_224_12,4.7
224,Item_224_13,4.7
224,Item_224_14,4.7
224,Item_224_15,4.7
224,Item_224_16,4.7
224,Item_224_17,4.7
224,Item_224_18,4.7
225,Item_225_1,3.9
225,Item_225_2,3.9
225,Item_225_3,3.9
225,Item_225_4,3.9
225,Item_225_5,3.9
225,Item_225_6,3.9
225,Item_225_7,3.9
225,Item_225_8,3.9
225,Item_225_9,3.9
225,Item_225_10,3.9
225,Item_225_11,3.9
225,Item_225_12,3.9
226,Item_226_1,3.2
226,Item_226_2,3.2
226,Item_226_3,3.2
226,Item_226_4,3.2
226,Item_226_5,3.2
226,Item_226_6,3.2
226,Item_226_7,3.2
226,Item_226_8,3.2
227,Item_227_1,4.4
227,Item_227_2,4.4
227,Item_227_3,4.4
227,Item_227_4,4.4
227,Item_227_5,4.4
227,Item_227_6,4.4
227,Item_227_7,4.4
227,Item_227_8,4.4
227,Item_227_9,4.4
227,Item_227_10,4.4
227,Item_227_11,4.4
227,Item_227_12,4.4
227,Item_227_13,4.4
227,Item_227_14,4.4
228,Item_228_1,4.1
228,Item_228_2,4.1
228,Item_228_3,4.1
228,Item_228_4,4.1
228,Item_228_5,4.1
228,Item_228_6,4.1
228,Item_228_7,4.1
228,Item_228_8,4.1
228,Item_228_9,4.1
228,Item_228_10,4.1
228,Item_228_11,4.1
229,Item_229_1,3.3
229,Item_229_2,3.3
229,Item_229_3,3.3
229,Item_229_4,3.3
229,Item_229_5,3.3
229,Item_229_6,3.3
229,Item_229_7,3.3
229,Item_229_8,3.3
229,Item_229_9,3.3
229,Item_229_10,3.3
230,Item_230_1,4.8
230,Item_230_2,4.8
230,Item_230_3,4.8
230,Item_230_4,4.8
230,Item_230_5,4.8
230,Item_230_6,4.8
230,Item_230_7,4.8
230,Item_230_8,4.8
230,Item_230_9,4.8
230,Item_230_10,4.8
230,Item_230_11,4.8
230,Item_230_12,4.8
230,Item_230_13,4.8
230,Item_230_14,4.8
230,Item_230_15,4.8
230,Item_230_16,4.8
230,Item_230_17,4.8
230,Item_230_18,4.8
230,Item_230_19,4.8
230,Item_230_20,4.8
231,Item_231_1,4.0
231,Item_231_2,4.0
231,Item_231_3,4.0
231,Item_231_4,4.0
231,Item_231_5,4.0
231,Item_231_6,4.0
231,Item_231_7,4.0
231,Item_231_8,4.0
231,Item_231_9,4.0
231,Item_231_10,4.0
231,Item_231_11,4.0
231,Item_231_12,4.0
231,Item_231_13,4.0
232,Item_232_1,3.1
232,Item_232_2,3.1
232,Item_232_3,3.1
232,Item_232_4,3.1
232,Item_232_5,3.1
232,Item_232_6,3.1
232,Item_232_7,3.1
233,Item_233_1,4.5
233,Item_233_2,4.5
233,Item_233_3,4.5
233,Item_233_4,4.5
233,Item_233_5,4.5
233,Item_233_6,4.5
233,Item_233_7,4.5
233,Item_233_8,4.5
233,Item_233_9,4.5
233,Item_233_10,4.5
233,Item_233_11,4.5
233,Item_233_12,4.5
233,Item_233_13,4.5
233,Item_233_14,4.5
233,Item_233_15,4.5
234,Item_234_1,4.3
234,Item_234_2,4.3
234,Item_234_3,4.3
234,Item_234_4,4.3
234,Item_234_5,4.3
234,Item_234_6,4.3
234,Item_234_7,4.3
234,Item_234_8,4.3
234,Item_234_9,4.3
234,Item_234_10,4.3
234,Item_234_11,4.3
234,Item_234_12,4.3
235,Item_235_1,3.6
235,Item_235_2,3.6
235,Item_235_3,3.6
235,Item_235_4,3.6
235,Item_235_5,3.6
235,Item_235_6,3.6
235,Item_235_7,3.6
235,Item_235_8,3.6
235,Item_235_9,3.6
236,Item_236_1,4.9
236,Item_236_2,4.9
236,Item_236_3,4.9
236,Item_236_4,4.9
236,Item_236_5,4.9
236,Item_236_6,4.9
236,Item_236_7,4.9
236,Item_236_8,4.9
236,Item_236_9,4.9
236,Item_236_10,4.9
236,Item_236_11,4.9
236,Item_236_12,4.9
236,Item_236_13,4.9
236,Item_236_14,4.9
236,Item_236_15,4.9
236,Item_236_16,4.9
236,Item_236_17,4.9
236,Item_236_18,4.9
236,Item_236_19,4.9
236,Item_236_20,4.9
236,Item_236_21,4.9
237,Item_237_1,3.8
237,Item_237_2,3.8
237,Item_237_3,3.8
237,Item_237_4,3.8
237,Item_237_5,3.8
237,Item_237_6,3.8
237,Item_237_7,3.8
237,Item_237_8,3.8
237,Item_237_9,3.8
237,Item_237_10,3.8
238,Item_238_1,3.0
238,Item_238_2,3.0
238,Item_238_3,3.0
238,Item_238_4,3.0
238,Item_238_5,3.0
238,Item_238_6,3.0
238,Item_238_7,3.0
238,Item_238_8,3.0
239,Item_239_1,4.7
239,Item_239_2,4.7
239,Item_239_3,4.7
239,Item_239_4,4.7
239,Item_239_5,4.7
239,Item_239_6,4.7
239,Item_239_7,4.7
239,Item_239_8,4.7
239,Item_239_9,4.7
239,Item_239_10,4.7
239,Item_239_11,4.7
239,Item_239_12,4.7
239,Item_239_13,4.7
239,Item_239_14,4.7
239,Item_239_15,4.7
239,Item_239_16,4.7
240,Item_240_1,4.0
240,Item_240_2,4.0
240,Item_240_3,4.0
240,Item_240_4,4.0
240,Item_240_5,4.0
240,Item_240_6,4.0
240,Item_240_7,4.0
240,Item_240_8,4.0
240,Item_240_9,4.0
240,Item_240_10,4.0
240,Item_240_11,4.0
241,Item_241_1,3.3
241,Item_241_2,3.3
241,Item_241_3,3.3
241,Item_241_4,3.3
241,Item_241_5,3.3
241,Item_241_6,3.3
241,Item_241_7,3.3
241,Item_241_8,3.3
241,Item_241_9,3.3
241,Item_241_10,3.3
242,Item_242_1,4.8
242,Item_242_2,4.8
242,Item_242_3,4.8
242,Item_242_4,4.8
242,Item_242_5,4.8
242,Item_242_6,4.8
242,Item_242_7,4.8
242,Item_242_8,4.8
242,Item_242_9,4.8
242,Item_242_10,4.8
242,Item_242_11,4.8
242,Item_242_12,4.8
242,Item_242_13,4.8
242,Item_242_14,4.8
242,Item_242_15,4.8
242,Item_242_16,4.8
242,Item_242_17,4.8
242,Item_242_18,4.8
242,Item_242_19,4.8
242,Item_242_20,4.8
243,Item_243_1,4.1
243,Item_243_2,4.1
243,Item_243_3,4.1
243,Item_243_4,4.1
243,Item_243_5,4.1
243,Item_243_6,4.1
243,Item_243_7,4.1
243,Item_243_8,4.1
243,Item_243_9,4.1
243,Item_243_10,4.1
243,Item_243_11,4.1
243,Item_243_12,4.1
243,Item_243_13,4.1
244,Item_244_1,3.4
244,Item_244_2,3.4
244,Item_244_3,3.4
244,Item_244_4,3.4
244,Item_244_5,3.4
244,Item_244_6,3.4
244,Item_244_7,3.4
245,Item_245_1,4.5
245,Item_245_2,4.5
245,Item_245_3,4.5
245,Item_245_4,4.5
245,Item_245_5,4.5
245,Item_245_6,4.5
245,Item_245_7,4.5
245,Item_245_8,4.5
245,Item_245_9,4.5
245,Item_245_10,4.5
245,Item_245_11,4.5
245,Item_245_12,4.5
245,Item_245_13,4.5
245,Item_245_14,4.5
245,Item_245_15,4.5
246,Item_246_1,4.3
246,Item_246_2,4.3
246,Item_246_3,4.3
246,Item_246_4,4.3
246,Item_246_5,4.3
246,Item_246_6,4.3
246,Item_246_7,4.3
246,Item_246_8,4.3
246,Item_246_9,4.3
246,Item_246_10,4.3
246,Item_246_11,4.3
246,Item_246_12,4.3
247,Item_247_1,3.6
247,Item_247_2,3.6
247,Item_247_3,3.6
247,Item_247_4,3.6
247,Item_247_5,3.6
247,Item_247_6,3.6
247,Item_247_7,3.6
247,Item_247_8,3.6
247,Item_247_9,3.6
248,Item_248_1,4.9
248,Item_248_2,4.9
248,Item_248_3,4.9
248,Item_248_4,4.9
248,Item_248_5,4.9
248,Item_248_6,4.9
248,Item_248_7,4.9
248,Item_248_8,4.9
248,Item_248_9,4.9
248,Item_248_10,4.9
248,Item_248_11,4.9
248,Item_248_12,4.9
248,Item_248_13,4.9
248,Item_248_14,4.9
248,Item_248_15,4.9
248,Item_248_16,4.9
248,Item_248_17,4.9
248,Item_248_18,4.9
248,Item_248_19,4.9
248,Item_248_20,4.9
248,Item_248_21,4.9
249,Item_249_1,3.8
249,Item_249_2,3.8
249,Item_249_3,3.8
249,Item_249_4,3.8
249,Item_249_5,3.8
249,Item_249_6,3.8
249,Item_249_7,3.8
249,Item_249_8,3.8
249,Item_249_9,3.8
249,Item_249_10,3.8
250,Item_250_1,3.0
250,Item_250_2,3.0
250,Item_250_3,3.0
250,Item_250_4,3.0
250,Item_250_5,3.0
250,Item_250_6,3.0
250,Item_250_7,3.0
250,Item_250_8,3.0
251,Item_251_1,4.7
251,Item_251_2,4.7
251,Item_251_3,4.7
251,Item_251_4,4.7
251,Item_251_5,4.7
251,Item_251_6,4.7
251,Item_251_7,4.7
251,Item_251_8,4.7
251,Item_251_9,4.7
251,Item_251_10,4.7
251,Item_251_11,4.7
251,Item_251_12,4.7
251,Item_251_13,4.7
251,Item_251_14,4.7
251,Item_251_15,4.7
251,Item_251_16,4.7
252,Item_252_1,4.0
252,Item_252_2,4.0
252,Item_252_3,4.0
252,Item_252_4,4.0
252,Item_252_5,4.0
252,Item_252_6,4.0
252,Item_252_7,4.0
252,Item_252_8,4.0
252,Item_252_9,4.0
252,Item_252_10,4.0
252,Item_252_11,4.0
253,Item_253_1,3.3
253,Item_253_2,3.3
253,Item_253_3,3.3
253,Item_253_4,3.3
253,Item_253_5,3.3
253,Item_253_6,3.3
253,Item_253_7,3.3
253,Item_253_8,3.3
253,Item_253_9,3.3
253,Item_253_10,3.3
254,Item_254_1,4.8
254,Item_254_2,4.8
254,Item_254_3,4.8
254,Item_254_4,4.8
254,Item_254_5,4.8
254,Item_254_6,4.8
254,Item_254_7,4.8
254,Item_254_8,4.8
254,Item_254_9,4.8
254,Item_254_10,4.8
254,Item_254_11,4.8
254,Item_254_12,4.8
254,Item_254_13,4.8
254,Item_254_14,4.8
254,Item_254_15,4.8
254,Item_254_16,4.8
254,Item_254_17,4.8
254,Item_254_18,4.8
254,Item_254_19,4.8
254,Item_254_20,4.8
255,Item_255_1,4.1
255,Item_255_2,4.1
255,Item_255_3,4.1
255,Item_255_4,4.1
255,Item_255_5,4.1
255,Item_255_6,4.1
255,Item_255_7,4.1
255,Item_255_8,4.1
255,Item_255_9,4.1
255,Item_255_10,4.1
255,Item_255_11,4.1
255,Item_255_12,4.1
255,Item_255_13,4.1
256,Item_256_1,3.4
256,Item_256_2,3.4
256,Item_256_3,3.4
256,Item_256_4,3.4
256,Item_256_5,3.4
256,Item_256_6,3.4
256,Item_256_7,3.4
257,Item_257_1,4.6
257,Item_257_2,4.6
257,Item_257_3,4.6
257,Item_257_4,4.6
257,Item_257_5,4.6
257,Item_257_6,4.6
257,Item_257_7,4.6
257,Item_257_8,4.6
257,Item_257_9,4.6
257,Item_257_10,4.6
257,Item_257_11,4.6
257,Item_257_12,4.6
257,Item_257_13,4.6
257,Item_257_14,4.6
257,Item_257_15,4.6
258,Item_258_1,4.3
258,Item_258_2,4.3
258,Item_258_3,4.3
258,Item_258_4,4.3
258,Item_258_5,4.3
258,Item_258_6,4.3
258,Item_258_7,4.3
258,Item_258_8,4.3
258,Item_258_9,4.3
258,Item_258_10,4.3
258,Item_258_11,4.3
258,Item_258_12,4.3
259,Item_259_1,3.6
259,Item_259_2,3.6
259,Item_259_3,3.6
259,Item_259_4,3.6
259,Item_259_5,3.6
259,Item_259_6,3.6
259,Item_259_7,3.6
259,Item_259_8,3.6
259,Item_259_9,3.6
260,Item_260_1,4.9
260,Item_260_2,4.9
260,Item_260_3,4.9
260,Item_260_4,4.9
260,Item_260_5,4.9
260,Item_260_6,4.9
260,Item_260_7,4.9
260,Item_260_8,4.9
260,Item_260_9,4.9
260,Item_260_10,4.9
260,Item_260_11,4.9
260,Item_260_12,4.9
260,Item_260_13,4.9
260,Item_260_14,4.9
260,Item_260_15,4.9
260,Item_260_16,4.9
260,Item_260_17,4.9
260,Item_260_18,4.9
260,Item_260_19,4.9
260,Item_260_20,4.9
260,Item_260_21,4.9
261,Item_261_1,3.8
261,Item_261_2,3.8
261,Item_261_3,3.8
261,Item_261_4,3.8
261,Item_261_5,3.8
261,Item_261_6,3.8
261,Item_261_7,3.8
261,Item_261_8,3.8
261,Item_261_9,3.8
261,Item_261_10,3.8
262,Item_262_1,3.1
262,Item_262_2,3.1
262,Item_262_3,3.1
262,Item_262_4,3.1
262,Item_262_5,3.1
262,Item_262_6,3.1
262,Item_262_7,3.1
262,Item_262_8,3.1
263,Item_263_1,4.5
263,Item_263_2,4.5
263,Item_263_3,4.5
263,Item_263_4,4.5
263,Item_263_5,4.5
263,Item_263_6,4.5
263,Item_263_7,4.5
263,Item_263_8,4.5
263,Item_263_9,4.5
263,Item_263_10,4.5
263,Item_263_11,4.5
263,Item_263_12,4.5
263,Item_263_13,4.5
263,Item_263_14,4.5
263,Item_263_15,4.5
263,Item_263_16,4.5
264,Item_264_1,4.2
264,Item_264_2,4.2
264,Item_264_3,4.2
264,Item_264_4,4.2
264,Item_264_5,4.2
264,Item_264_6,4.2
264,Item_264_7,4.2
264,Item_264_8,4.2
264,Item_264_9,4.2
264,Item_264_10,4.2
264,Item_264_11,4.2
264,Item_264_12,4.2
264,Item_264_13,4.2
265,Item_265_1,3.5
265,Item_265_2,3.5
265,Item_265_3,3.5
265,Item_265_4,3.5
265,Item_265_5,3.5
265,Item_265_6,3.5
265,Item_265_7,3.5
265,Item_265_8,3.5
265,Item_265_9,3.5
266,Item_266_1,4.7
266,Item_266_2,4.7
266,Item_266_3,4.7
266,Item_266_4,4.7
266,Item_266_5,4.7
266,Item_266_6,4.7
266,Item_266_7,4.7
266,Item_266_8,4.7
266,Item_266_9,4.7
266,Item_266_10,4.7
266,Item_266_11,4.7
266,Item_266_12,4.7
266,Item_266_13,4.7
266,Item_266_14,4.7
266,Item_266_15,4.7
266,Item_266_16,4.7
266,Item_266_17,4.7
266,Item_266_18,4.7
267,Item_267_1,3.9
267,Item_267_2,3.9
267,Item_267_3,3.9
267,Item_267_4,3.9
267,Item_267_5,3.9
267,Item_267_6,3.9
267,Item_267_7,3.9
267,Item_267_8,3.9
267,Item_267_9,3.9
267,Item_267_10,3.9
267,Item_267_11,3.9
267,Item_267_12,3.9
268,Item_268_1,3.2
268,Item_268_2,3.2
268,Item_268_3,3.2
268,Item_268_4,3.2
268,Item_268_5,3.2
268,Item_268_6,3.2
268,Item_268_7,3.2
268,Item_268_8,3.2
269,Item_269_1,4.4
269,Item_269_2,4.4
269,Item_269_3,4.4
269,Item_269_4,4.4
269,Item_269_5,4.4
269,Item_269_6,4.4
269,Item_269_7,4.4
269,Item_269_8,4.4
269,Item_269_9,4.4
269,Item_269_10,4.4
269,Item_269_11,4.4
269,Item_269_12,4.4
269,Item_269_13,4.4
269,Item_269_14,4.4
270,Item_270_1,4.1
270,Item_270_2,4.1
270,Item_270_3,4.1
270,Item_270_4,4.1
270,Item_270_5,4.1
270,Item_270_6,4.1
270,Item_270_7,4.1
270,Item_270_8,4.1
270,Item_270_9,4.1
270,Item_270_10,4.1
270,Item_270_11,4.1
271,Item_271_1,3.3
271,Item_271_2,3.3
271,Item_271_3,3.3
271,Item_271_4,3.3
271,Item_271_5,3.3
271,Item_271_6,3.3
271,Item_271_7,3.3
271,Item_271_8,3.3
271,Item_271_9,3.3
271,Item_271_10,3.3
272,Item_272_1,4.8
272,Item_272_2,4.8
272,Item_272_3,4.8
272,Item_272_4,4.8
272,Item_272_5,4.8
272,Item_272_6,4.8
272,Item_272_7,4.8
272,Item_272_8,4.8
272,Item_272_9,4.8
272,Item_272_10,4.8
272,Item_272_11,4.8
272,Item_272_12,4.8
272,Item_272_13,4.8
272,Item_272_14,4.8
272,Item_272_15,4.8
272,Item_272_16,4.8
272,Item_272_17,4.8
272,Item_272_18,4.8
272,Item_272_19,4.8
272,Item_272_20,4.8
273,Item_273_1,4.0
273,Item_273_2,4.0
273,Item_273_3,4.0
273,Item_273_4,4.0
273,Item_273_5,4.0
273,Item_273_6,4.0
273,Item_273_7,4.0
273,Item_273_8,4.0
273,Item_273_9,4.0
273,Item_273_10,4.0
273,Item_273_11,4.0
273,Item_273_12,4.0
273,Item_273_13,4.0
274,Item_274_1,3.4
274,Item_274_2,3.4
274,Item_274_3,3.4
274,Item_274_4,3.4
274,Item_274_5,3.4
274,Item_274_6,3.4
274,Item_274_7,3.4
275,Item_275_1,4.5
275,Item_275_2,4.5
275,Item_275_3,4.5
275,Item_275_4,4.5
275,Item_275_5,4.5
275,Item_275_6,4.5
275,Item_275_7,4.5
275,Item_275_8,4.5
275,Item_275_9,4.5
275,Item_275_10,4.5
275,Item_275_11,4.5
275,Item_275_12,4.5
275,Item_275_13,4.5
275,Item_275_14,4.5
275,Item_275_15,4.5
276,Item_276_1,4.3
276,Item_276_2,4.3
276,Item_276_3,4.3
276,Item_276_4,4.3
276,Item_276_5,4.3
276,Item_276_6,4.3
276,Item_276_7,4.3
276,Item_276_8,4.3
276,Item_276_9,4.3
276,Item_276_10,4.3
276,Item_276_11,4.3
276,Item_276_12,4.3
277,Item_277_1,3.6
277,Item_277_2,3.6
277,Item_277_3,3.6
277,Item_277_4,3.6
277,Item_277_5,3.6
277,Item_277_6,3.6
277,Item_277_7,3.6
277,Item_277_8,3.6
277,Item_277_9,3.6
278,Item_278_1,4.9
278,Item_278_2,4.9
278,Item_278_3,4.9
278,Item_278_4,4.9
278,Item_278_5,4.9
278,Item_278_6,4.9
278,Item_278_7,4.9
278,Item_278_8,4.9
278,Item_278_9,4.9
278,Item_278_10,4.9
278,Item_278_11,4.9
278,Item_278_12,4.9
278,Item_278_13,4.9
278,Item_278_14,4.9
278,Item_278_15,4.9
278,Item_278_16,4.9
278,Item_278_17,4.9
278,Item_278_18,4.9
278,Item_278_19,4.9
278,Item_278_20,4.9
278,Item_278_21,4.9
279,Item_279_1,3.8
279,Item_279_2,3.8
279,Item_279_3,3.8
279,Item_279_4,3.8
279,Item_279_5,3.8
279,Item_279_6,3.8
279,Item_279_7,3.8
279,Item_279_8,3.8
279,Item_279_9,3.8
279,Item_279_10,3.8
280,Item_280_1,3.0
280,Item_280_2,3.0
280,Item_280_3,3.0
280,Item_280_4,3.0
280,Item_280_5,3.0
280,Item_280_6,3.0
280,Item_280_7,3.0
280,Item_280_8,3.0
281,Item_281_1,4.7
281,Item_281_2,4.7
281,Item_281_3,4.7
281,Item_281_4,4.7
281,Item_281_5,4.7
281,Item_281_6,4.7
281,Item_281_7,4.7
281,Item_281_8,4.7
281,Item_281_9,4.7
281,Item_281_10,4.7
281,Item_281_11,4.7
281,Item_281_12,4.7
281,Item_281_13,4.7
281,Item_281_14,4.7
281,Item_281_15,4.7
281,Item_281_16,4.7
282,Item_282_1,4.0
282,Item_282_2,4.0
282,Item_282_3,4.0
282,Item_282_4,4.0
282,Item_282_5,4.0
282,Item_282_6,4.0
282,Item_282_7,4.0
282,Item_282_8,4.0
282,Item_282_9,4.0
282,Item_282_10,4.0
282,Item_282_11,4.0
283,Item_283_1,3.3
283,Item_283_2,3.3
283,Item_283_3,3.3
283,Item_283_4,3.3
283,Item_283_5,3.3
283,Item_283_6,3.3
283,Item_283_7,3.3
283,Item_283_8,3.3
283,Item_283_9,3.3
283,Item_283_10,3.3
284,Item_284_1,4.8
284,Item_284_2,4.8
284,Item_284_3,4.8
284,Item_284_4,4.8
284,Item_284_5,4.8
284,Item_284_6,4.8
284,Item_284_7,4.8
284,Item_284_8,4.8
284,Item_284_9,4.8
284,Item_284_10,4.8
284,Item_284_11,4.8
284,Item_284_12,4.8
284,Item_284_13,4.8
284,Item_284_14,4.8
284,Item_284_15,4.8
284,Item_284_16,4.8
284,Item_284_17,4.8
284,Item_284_18,4.8
284,Item_284_19,4.8
284,Item_284_20,4.8
285,Item_285_1,4.1
285,Item_285_2,4.1
285,Item_285_3,4.1
285,Item_285_4,4.1
285,Item_285_5,4.1
285,Item_285_6,4.1
285,Item_285_7,4.1
285,Item_285_8,4.1
285,Item_285_9,4.1
285,Item_285_10,4.1
285,Item_285_11,4.1
285,Item_285_12,4.1
285,Item_285_13,4.1
286,Item_286_1,3.4
286,Item_286_2,3.4
286,Item_286_3,3.4
286,Item_286_4,3.4
286,Item_286_5,3.4
286,Item_286_6,3.4
286,Item_286_7,3.4
287,Item_287_1,4.5
287,Item_287_2,4.5
287,Item_287_3,4.5
287,Item_287_4,4.5
287,Item_287_5,4.5
287,Item_287_6,4.5
287,Item_287_7,4.5
287,Item_287_8,4.5
287,Item_287_9,4.5
287,Item_287_10,4.5
287,Item_287_11,4.5
287,Item_287_12,4.5
287,Item_287_13,4.5
287,Item_287_14,4.5
287,Item_287_15,4.5
288,Item_288_1,4.3
288,Item_288_2,4.3
288,Item_288_3,4.3
288,Item_288_4,4.3
288,Item_288_5,4.3
288,Item_288_6,4.3
288,Item_288_7,4.3
288,Item_288_8,4.3
288,Item_288_9,4.3
288,Item_288_10,4.3
288,Item_288_11,4.3
288,Item_288_12,4.3
289,Item_289_1,3.6
289,Item_289_2,3.6
289,Item_289_3,3.6
289,Item_289_4,3.6
289,Item_289_5,3.6
289,Item_289_6,3.6
289,Item_289_7,3.6
289,Item_289_8,3.6
289,Item_289_9,3.6
290,Item_290_1,4.9
290,Item_290_2,4.9
290,Item_290_3,4.9
290,Item_290_4,4.9
290,Item_290_5,4.9
290,Item_290_6,4.9
290,Item_290_7,4.9
290,Item_290_8,4.9
290,Item_290_9,4.9
290,Item_290_10,4.9
290,Item_290_11,4.9
290,Item_290_12,4.9
290,Item_290_13,4.9
290,Item_290_14,4.9
290,Item_290_15,4.9
290,Item_290_16,4.9
290,Item_290_17,4.9
290,Item_290_18,4.9
290,Item_290_19,4.9
290,Item_290_20,4.9
290,Item_290_21,4.9
291,Item_291_1,3.8
291,Item_291_2,3.8
291,Item_291_3,3.8
291,Item_291_4,3.8
291,Item_291_5,3.8
291,Item_291_6,3.8
291,Item_291_7,3.8
291,Item_291_8,3.8
291,Item_291_9,3.8
291,Item_291_10,3.8
292,Item_292_1,3.1
292,Item_292_2,3.1
292,Item_292_3,3.1
292,Item_292_4,3.1
292,Item_292_5,3.1
292,Item_292_6,3.1
292,Item_292_7,3.1
292,Item_292_8,3.1
293,Item_293_1,4.5
293,Item_293_2,4.5
293,Item_293_3,4.5
293,Item_293_4,4.5
293,Item_293_5,4.5
293,Item_293_6,4.5
293,Item_293_7,4.5
293,Item_293_8,4.5
293,Item_293_9,4.5
293,Item_293_10,4.5
293,Item_293_11,4.5
293,Item_293_12,4.5
293,Item_293_13,4.5
293,Item_293_14,4.5
293,Item_293_15,4.5
293,Item_293_16,4.5
294,Item_294_1,4.2
294,Item_294_2,4.2
294,Item_294_3,4.2
294,Item_294_4,4.2
294,Item_294_5,4.2
294,Item_294_6,4.2
294,Item_294_7,4.2
294,Item_294_8,4.2
294,Item_294_9,4.2
294,Item_294_10,4.2
294,Item_294_11,4.2
294,Item_294_12,4.2
294,Item_294_13,4.2
295,Item_295_1,3.5
295,Item_295_2,3.5
295,Item_295_3,3.5
295,Item_295_4,3.5
295,Item_295_5,3.5
295,Item_295_6,3.5
295,Item_295_7,3.5
295,Item_295_8,3.5
295,Item_295_9,3.5
296,Item_296_1,4.7
296,Item_296_2,4.7
296,Item_296_3,4.7
296,Item_296_4,4.7
296,Item_296_5,4.7
296,Item_296_6,4.7
296,Item_296_7,4.7
296,Item_296_8,4.7
296,Item_296_9,4.7
296,Item_296_10,4.7
296,Item_296_11,4.7
296,Item_296_12,4.7
296,Item_296_13,4.7
296,Item_296_14,4.7
296,Item_296_15,4.7
296,Item_296_16,4.7
296,Item_296_17,4.7
296,Item_296_18,4.7
297,Item_297_1,3.9
297,Item_297_2,3.9
297,Item_297_3,3.9
297,Item_297_4,3.9
297,Item_297_5,3.9
297,Item_297_6,3.9
297,Item_297_7,3.9
297,Item_297_8,3.9
297,Item_297_9,3.9
297,Item_297_10,3.9
297,Item_297_11,3.9
297,Item_297_12,3.9
298,Item_298_1,3.2
298,Item_298_2,3.2
298,Item_298_3,3.2
298,Item_298_4,3.2
298,Item_298_5,3.2
298,Item_298_6,3.2
298,Item_298_7,3.2
298,Item_298_8,3.2
299,Item_299_1,4.4
299,Item_299_2,4.4
299,Item_299_3,4.4
299,Item_299_4,4.4
299,Item_299_5,4.4
299,Item_299_6,4.4
299,Item_299_7,4.4
299,Item_299_8,4.4
299,Item_299_9,4.4
299,Item_299_10,4.4
299,Item_299_11,4.4
299,Item_299_12,4.4
299,Item_299_13,4.4
299,Item_299_14,4.4
300,Item_300_1,4.1
300,Item_300_2,4.1
300,Item_300_3,4.1
300,Item_300_4,4.1
300,Item_300_5,4.1
300,Item_300_6,4.1
300,Item_300_7,4.1
300,Item_300_8,4.1
300,Item_300_9,4.1
300,Item_300_10,4.1
300,Item_300_11,4.1
301,Item_301_1,4.6
301,Item_301_2,4.6
301,Item_301_3,4.6
301,Item_301_4,4.6
301,Item_301_5,4.6
301,Item_301_6,4.6
301,Item_301_7,4.6
301,Item_301_8,4.6
301,Item_301_9,4.6
301,Item_301_10,4.6
301,Item_301_11,4.6
301,Item_301_12,4.6
301,Item_301_13,4.6
301,Item_301_14,4.6
301,Item_301_15,4.6
301,Item_301_16,4.6
301,Item_301_17,4.6
301,Item_301_18,4.6
301,Item_301_19,4.6
302,Item_302_1,4.0
302,Item_302_2,4.0
302,Item_302_3,4.0
302,Item_302_4,4.0
302,Item_302_5,4.0
302,Item_302_6,4.0
302,Item_302_7,4.0
302,Item_302_8,4.0
302,Item_302_9,4.0
302,Item_302_10,4.0
302,Item_302_11,4.0
302,Item_302_12,4.0
302,Item_302_13,4.0
302,Item_302_14,4.0
303,Item_303_1,3.3
303,Item_303_2,3.3
303,Item_303_3,3.3
303,Item_303_4,3.3
303,Item_303_5,3.3
303,Item_303_6,3.3
303,Item_303_7,3.3
304,Item_304_1,4.8
304,Item_304_2,4.8
304,Item_304_3,4.8
304,Item_304_4,4.8
304,Item_304_5,4.8
304,Item_304_6,4.8
304,Item_304_7,4.8
304,Item_304_8,4.8
304,Item_304_9,4.8
304,Item_304_10,4.8
304,Item_304_11,4.8
304,Item_304_12,4.8
304,Item_304_13,4.8
304,Item_304_14,4.8
304,Item_304_15,4.8
304,Item_304_16,4.8
304,Item_304_17,4.8
305,Item_305_1,4.2
305,Item_305_2,4.2
305,Item_305_3,4.2
305,Item_305_4,4.2
305,Item_305_5,4.2
305,Item_305_6,4.2
305,Item_305_7,4.2
305,Item_305_8,4.2
305,Item_305_9,4.2
305,Item_305_10,4.2
305,Item_305_11,4.2
306,Item_306_1,3.5
306,Item_306_2,3.5
306,Item_306_3,3.5
306,Item_306_4,3.5
306,Item_306_5,3.5
306,Item_306_6,3.5
306,Item_306_7,3.5
306,Item_306_8,3.5
306,Item_306_9,3.5
306,Item_306_10,3.5
307,Item_307_1,4.7
307,Item_307_2,4.7
307,Item_307_3,4.7
307,Item_307_4,4.7
307,Item_307_5,4.7
307,Item_307_6,4.7
307,Item_307_7,4.7
307,Item_307_8,4.7
307,Item_307_9,4.7
307,Item_307_10,4.7
307,Item_307_11,4.7
307,Item_307_12,4.7
307,Item_307_13,4.7
307,Item_307_14,4.7
307,Item_307_15,4.7
307,Item_307_16,4.7
307,Item_307_17,4.7
307,Item_307_18,4.7
308,Item_308_1,3.9
308,Item_308_2,3.9
308,Item_308_3,3.9
308,Item_308_4,3.9
308,Item_308_5,3.9
308,Item_308_6,3.9
308,Item_308_7,3.9
308,Item_308_8,3.9
308,Item_308_9,3.9
308,Item_308_10,3.9
308,Item_308_11,3.9
308,Item_308_12,3.9
309,Item_309_1,3.2
309,Item_309_2,3.2
309,Item_309_3,3.2
309,Item_309_4,3.2
309,Item_309_5,3.2
309,Item_309_6,3.2
309,Item_309_7,3.2
309,Item_309_8,3.2
310,Item_310_1,4.5
310,Item_310_2,4.5
310,Item_310_3,4.5
310,Item_310_4,4.5
310,Item_310_5,4.5
310,Item_310_6,4.5
310,Item_310_7,4.5
310,Item_310_8,4.5
310,Item_310_9,4.5
310,Item_310_10,4.5
310,Item_310_11,4.5
310,Item_310_12,4.5
310,Item_310_13,4.5
310,Item_310_14,4.5
311,Item_311_1,4.0
311,Item_311_2,4.0
311,Item_311_3,4.0
311,Item_311_4,4.0
311,Item_311_5,4.0
311,Item_311_6,4.0
311,Item_311_7,4.0
311,Item_311_8,4.0
311,Item_311_9,4.0
311,Item_311_10,4.0
311,Item_311_11,4.0
312,Item_312_1,3.3
312,Item_312_2,3.3
312,Item_312_3,3.3
312,Item_312_4,3.3
312,Item_312_5,3.3
312,Item_312_6,3.3
312,Item_312_7,3.3
312,Item_312_8,3.3
312,Item_312_9,3.3
313,Item_313_1,4.8
313,Item_313_2,4.8
313,Item_313_3,4.8
313,Item_313_4,4.8
313,Item_313_5,4.8
313,Item_313_6,4.8
313,Item_313_7,4.8
313,Item_313_8,4.8
313,Item_313_9,4.8
313,Item_313_10,4.8
313,Item_313_11,4.8
313,Item_313_12,4.8
313,Item_313_13,4.8
313,Item_313_14,4.8
313,Item_313_15,4.8
313,Item_313_16,4.8
313,Item_313_17,4.8
313,Item_313_18,4.8
313,Item_313_19,4.8
313,Item_313_20,4.8
314,Item_314_1,4.1
314,Item_314_2,4.1
314,Item_314_3,4.1
314,Item_314_4,4.1
314,Item_314_5,4.1
314,Item_314_6,4.1
314,Item_314_7,4.1
314,Item_314_8,4.1
314,Item_314_9,4.1
314,Item_314_10,4.1
314,Item_314_11,4.1
314,Item_314_12,4.1
314,Item_314_13,4.1
315,Item_315_1,3.4
315,Item_315_2,3.4
315,Item_315_3,3.4
315,Item_315_4,3.4
315,Item_315_5,3.4
315,Item_315_6,3.4
315,Item_315_7,3.4
316,Item_316_1,4.5
316,Item_316_2,4.5
316,Item_316_3,4.5
316,Item_316_4,4.5
316,Item_316_5,4.5
316,Item_316_6,4.5
316,Item_316_7,4.5
316,Item_316_8,4.5
316,Item_316_9,4.5
316,Item_316_10,4.5
316,Item_316_11,4.5
316,Item_316_12,4.5
316,Item_316_13,4.5
316,Item_316_14,4.5
316,Item_316_15,4.5
317,Item_317_1,4.3
317,Item_317_2,4.3
317,Item_317_3,4.3
317,Item_317_4,4.3
317,Item_317_5,4.3
317,Item_317_6,4.3
317,Item_317_7,4.3
317,Item_317_8,4.3
317,Item_317_9,4.3
317,Item_317_10,4.3
317,Item_317_11,4.3
317,Item_317_12,4.3
318,Item_318_1,3.6
318,Item_318_2,3.6
318,Item_318_3,3.6
318,Item_318_4,3.6
318,Item_318_5,3.6
318,Item_318_6,3.6
318,Item_318_7,3.6
318,Item_318_8,3.6
318,Item_318_9,3.6
319,Item_319_1,4.9
319,Item_319_2,4.9
319,Item_319_3,4.9
319,Item_319_4,4.9
319,Item_319_5,4.9
319,Item_319_6,4.9
319,Item_319_7,4.9
319,Item_319_8,4.9
319,Item_319_9,4.9
319,Item_319_10,4.9
319,Item_319_11,4.9
319,Item_319_12,4.9
319,Item_319_13,4.9
319,Item_319_14,4.9
319,Item_319_15,4.9
319,Item_319_16,4.9
319,Item_319_17,4.9
319,Item_319_18,4.9
319,Item_319_19,4.9
319,Item_319_20,4.9
319,Item_319_21,4.9
320,Item_320_1,3.8
320,Item_320_2,3.8
320,Item_320_3,3.8
320,Item_320_4,3.8
320,Item_320_5,3.8
320,Item_320_6,3.8
320,Item_320_7,3.8
320,Item_320_8,3.8
320,Item_320_9,3.8
320,Item_320_10,3.8
321,Item_321_1,3.0
321,Item_321_2,3.0
321,Item_321_3,3.0
321,Item_321_4,3.0
321,Item_321_5,3.0
321,Item_321_6,3.0
321,Item_321_7,3.0
321,Item_321_8,3.0
322,Item_322_1,4.7
322,Item_322_2,4.7
322,Item_322_3,4.7
322,Item_322_4,4.7
322,Item_322_5,4.7
322,Item_322_6,4.7
322,Item_322_7,4.7
322,Item_322_8,4.7
322,Item_322_9,4.7
322,Item_322_10,4.7
322,Item_322_11,4.7
322,Item_322_12,4.7
322,Item_322_13,4.7
322,Item_322_14,4.7
322,Item_322_15,4.7
322,Item_322_16,4.7
323,Item_323_1,4.0
323,Item_323_2,4.0
323,Item_323_3,4.0
323,Item_323_4,4.0
323,Item_323_5,4.0
323,Item_323_6,4.0
323,Item_323_7,4.0
323,Item_323_8,4.0
323,Item_323_9,4.0
323,Item_323_10,4.0
323,Item_323_11,4.0
324,Item_324_1,3.3
324,Item_324_2,3.3
324,Item_324_3,3.3
324,Item_324_4,3.3
324,Item_324_5,3.3
324,Item_324_6,3.3
324,Item_324_7,3.3
324,Item_324_8,3.3
324,Item_324_9,3.3
324,Item_324_10,3.3
325,Item_325_1,4.8
325,Item_325_2,4.8
325,Item_325_3,4.8
325,Item_325_4,4.8
325,Item_325_5,4.8
325,Item_325_6,4.8
325,Item_325_7,4.8
325,Item_325_8,4.8
325,Item_325_9,4.8
325,Item_325_10,4.8
325,Item_325_11,4.8
325,Item_325_12,4.8
325,Item_325_13,4.8
325,Item_325_14,4.8
325,Item_325_15,4.8
325,Item_325_16,4.8
325,Item_325_17,4.8
325,Item_325_18,4.8
325,Item_325_19,4.8
325,Item_325_20,4.8
326,Item_326_1,4.1
326,Item_326_2,4.1
326,Item_326_3,4.1
326,Item_326_4,4.1
326,Item_326_5,4.1
326,Item_326_6,4.1
326,Item_326_7,4.1
326,Item_326_8,4.1
326,Item_326_9,4.1
326,Item_326_10,4.1
326,Item_326_11,4.1
326,Item_326_12,4.1
326,Item_326_13,4.1
327,Item_327_1,3.4
327,Item_327_2,3.4
327,Item_327_3,3.4
327,Item_327_4,3.4
327,Item_327_5,3.4
327,Item_327_6,3.4
327,Item_327_7,3.4
328,Item_328_1,4.5
328,Item_328_2,4.5
328,Item_328_3,4.5
328,Item_328_4,4.5
328,Item_328_5,4.5
328,Item_328_6,4.5
328,Item_328_7,4.5
328,Item_328_8,4.5
328,Item_328_9,4.5
328,Item_328_10,4.5
328,Item_328_11,4.5
328,Item_328_12,4.5
328,Item_328_13,4.5
328,Item_328_14,4.5
328,Item_328_15,4.5
329,Item_329_1,4.3
329,Item_329_2,4.3
329,Item_329_3,4.3
329,Item_329_4,4.3
329,Item_329_5,4.3
329,Item_329_6,4.3
329,Item_329_7,4.3
329,Item_329_8,4.3
329,Item_329_9,4.3
329,Item_329_10,4.3
329,Item_329_11,4.3
329,Item_329_12,4.3
330,Item_330_1,3.6
330,Item_330_2,3.6
330,Item_330_3,3.6
330,Item_330_4,3.6
330,Item_330_5,3.6
330,Item_330_6,3.6
330,Item_330_7,3.6
330,Item_330_8,3.6
330,Item_330_9,3.6
331,Item_331_1,4.9
331,Item_331_2,4.9
331,Item_331_3,4.9
331,Item_331_4,4.9
331,Item_331_5,4.9
331,Item_331_6,4.9
331,Item_331_7,4.9
331,Item_331_8,4.9
331,Item_331_9,4.9
331,Item_331_10,4.9
331,Item_331_11,4.9
331,Item_331_12,4.9
331,Item_331_13,4.9
331,Item_331_14,4.9
331,Item_331_15,4.9
331,Item_331_16,4.9
331,Item_331_17,4.9
331,Item_331_18,4.9
331,Item_331_19,4.9
331,Item_331_20,4.9
331,Item_331_21,4.9
332,Item_332_1,3.8
332,Item_332_2,3.8
332,Item_332_3,3.8
332,Item_332_4,3.8
332,Item_332_5,3.8
332,Item_332_6,3.8
332,Item_332_7,3.8
332,Item_332_8,3.8
332,Item_332_9,3.8
332,Item_332_10,3.8
333,Item_333_1,3.1
333,Item_333_2,3.1
333,Item_333_3,3.1
333,Item_333_4,3.1
333,Item_333_5,3.1
333,Item_333_6,3.1
333,Item_333_7,3.1
333,Item_333_8,3.1
334,Item_334_1,4.5
334,Item_334_2,4.5
334,Item_334_3,4.5
334,Item_334_4,4.5
334,Item_334_5,4.5
334,Item_334_6,4.5
334,Item_334_7,4.5
334,Item_334_8,4.5
334,Item_334_9,4.5
334,Item_334_10,4.5
334,Item_334_11,4.5
334,Item_334_12,4.5
334,Item_334_13,4.5
334,Item_334_14,4.5
334,Item_334_15,4.5
334,Item_334_16,4.5
335,Item_335_1,4.2
335,Item_335_2,4.2
335,Item_335_3,4.2
335,Item_335_4,4.2
335,Item_335_5,4.2
335,Item_335_6,4.2
335,Item_335_7,4.2
335,Item_335_8,4.2
335,Item_335_9,4.2
335,Item_335_10,4.2
335,Item_335_11,4.2
335,Item_335_12,4.2
335,Item_335_13,4.2
336,Item_336_1,3.5
336,Item_336_2,3.5
336,Item_336_3,3.5
336,Item_336_4,3.5
336,Item_336_5,3.5
336,Item_336_6,3.5
336,Item_336_7,3.5
336,Item_336_8,3.5
336,Item_336_9,3.5
337,Item_337_1,4.7
337,Item_337_2,4.7
337,Item_337_3,4.7
337,Item_337_4,4.7
337,Item_337_5,4.7
337,Item_337_6,4.7
337,Item_337_7,4.7
337,Item_337_8,4.7
337,Item_337_9,4.7
337,Item_337_10,4.7
337,Item_337_11,4.7
337,Item_337_12,4.7
337,Item_337_13,4.7
337,Item_337_14,4.7
337,Item_337_15,4.7
337,Item_337_16,4.7
337,Item_337_17,4.7
337,Item_337_18,4.7
338,Item_338_1,3.9
338,Item_338_2,3.9
338,Item_338_3,3.9
338,Item_338_4,3.9
338,Item_338_5,3.9
338,Item_338_6,3.9
338,Item_338_7,3.9
338,Item_338_8,3.9
338,Item_338_9,3.9
338,Item_338_10,3.9
338,Item_338_11,3.9
338,Item_338_12,3.9
339,Item_339_1,3.2
339,Item_339_2,3.2
339,Item_339_3,3.2
339,Item_339_4,3.2
339,Item_339_5,3.2
339,Item_339_6,3.2
339,Item_339_7,3.2
339,Item_339_8,3.2
340,Item_340_1,4.4
340,Item_340_2,4.4
340,Item_340_3,4.4
340,Item_340_4,4.4
340,Item_340_5,4.4
340,Item_340_6,4.4
340,Item_340_7,4.4
340,Item_340_8,4.4
340,Item_340_9,4.4
340,Item_340_10,4.4
340,Item_340_11,4.4
340,Item_340_12,4.4
340,Item_340_13,4.4
340,Item_340_14,4.4
341,Item_341_1,4.1
341,Item_341_2,4.1
341,Item_341_3,4.1
341,Item_341_4,4.1
341,Item_341_5,4.1
341,Item_341_6,4.1
341,Item_341_7,4.1
341,Item_341_8,4.1
341,Item_341_9,4.1
341,Item_341_10,4.1
341,Item_341_11,4.1
342,Item_342_1,3.3
342,Item_342_2,3.3
342,Item_342_3,3.3
342,Item_342_4,3.3
342,Item_342_5,3.3
342,Item_342_6,3.3
342,Item_342_7,3.3
342,Item_342_8,3.3
342,Item_342_9,3.3
343,Item_343_1,4.8
343,Item_343_2,4.8
343,Item_343_3,4.8
343,Item_343_4,4.8
343,Item_343_5,4.8
343,Item_343_6,4.8
343,Item_343_7,4.8
343,Item_343_8,4.8
343,Item_343_9,4.8
343,Item_343_10,4.8
343,Item_343_11,4.8
343,Item_343_12,4.8
343,Item_343_13,4.8
343,Item_343_14,4.8
343,Item_343_15,4.8
343,Item_343_16,4.8
343,Item_343_17,4.8
343,Item_343_18,4.8
343,Item_343_19,4.8
343,Item_343_20,4.8
344,Item_344_1,4.0
344,Item_344_2,4.0
344,Item_344_3,4.0
344,Item_344_4,4.0
344,Item_344_5,4.0
344,Item_344_6,4.0
344,Item_344_7,4.0
344,Item_344_8,4.0
344,Item_344_9,4.0
344,Item_344_10,4.0
344,Item_344_11,4.0
344,Item_344_12,4.0
344,Item_344_13,4.0
345,Item_345_1,3.2
345,Item_345_2,3.2
345,Item_345_3,3.2
345,Item_345_4,3.2
345,Item_345_5,3.2
345,Item_345_6,3.2
345,Item_345_7,3.2
346,Item_346_1,4.5
346,Item_346_2,4.5
346,Item_346_3,4.5
346,Item_346_4,4.5
346,Item_346_5,4.5
346,Item_346_6,4.5
346,Item_346_7,4.5
346,Item_346_8,4.5
346,Item_346_9,4.5
346,Item_346_10,4.5
346,Item_346_11,4.5
346,Item_346_12,4.5
346,Item_346_13,4.5
346,Item_346_14,4.5
346,Item_346_15,4.5
347,Item_347_1,4.3
347,Item_347_2,4.3
347,Item_347_3,4.3
347,Item_347_4,4.3
347,Item_347_5,4.3
347,Item_347_6,4.3
347,Item_347_7,4.3
347,Item_347_8,4.3
347,Item_347_9,4.3
347,Item_347_10,4.3
347,Item_347_11,4.3
347,Item_347_12,4.3
348,Item_348_1,3.6
348,Item_348_2,3.6
348,Item_348_3,3.6
348,Item_348_4,3.6
348,Item_348_5,3.6
348,Item_348_6,3.6
348,Item_348_7,3.6
348,Item_348_8,3.6
348,Item_348_9,3.6
349,Item_349_1,4.9
349,Item_349_2,4.9
349,Item_349_3,4.9
349,Item_349_4,4.9
349,Item_349_5,4.9
349,Item_349_6,4.9
349,Item_349_7,4.9
349,Item_349_8,4.9
349,Item_349_9,4.9
349,Item_349_10,4.9
349,Item_349_11,4.9
349,Item_349_12,4.9
349,Item_349_13,4.9
349,Item_349_14,4.9
349,Item_349_15,4.9
349,Item_349_16,4.9
349,Item_349_17,4.9
349,Item_349_18,4.9
349,Item_349_19,4.9
349,Item_349_20,4.9
349,Item_349_21,4.9
350,Item_350_1,3.8
350,Item_350_2,3.8
350,Item_350_3,3.8
350,Item_350_4,3.8
350,Item_350_5,3.8
350,Item_350_6,3.8
350,Item_350_7,3.8
350,Item_350_8,3.8
350,Item_350_9,3.8
350,Item_350_10,3.8
351,Item_351_1,3.1
351,Item_351_2,3.1
351,Item_351_3,3.1
351,Item_351_4,3.1
351,Item_351_5,3.1
351,Item_351_6,3.1
351,Item_351_7,3.1
351,Item_351_8,3.1
352,Item_352_1,4.7
352,Item_352_2,4.7
352,Item_352_3,4.7
352,Item_352_4,4.7
352,Item_352_5,4.7
352,Item_352_6,4.7
352,Item_352_7,4.7
352,Item_352_8,4.7
352,Item_352_9,4.7
352,Item_352_10,4.7
352,Item_352_11,4.7
352,Item_352_12,4.7
352,Item_352_13,4.7
352,Item_352_14,4.7
352,Item_352_15,4.7
352,Item_352_16,4.7
353,Item_353_1,4.0
353,Item_353_2,4.0
353,Item_353_3,4.0
353,Item_353_4,4.0
353,Item_353_5,4.0
353,Item_353_6,4.0
353,Item_353_7,4.0
353,Item_353_8,4.0
353,Item_353_9,4.0
353,Item_353_10,4.0
353,Item_353_11,4.0
354,Item_354_1,3.3
354,Item_354_2,3.3
354,Item_354_3,3.3
354,Item_354_4,3.3
354,Item_354_5,3.3
354,Item_354_6,3.3
354,Item_354_7,3.3
354,Item_354_8,3.3
354,Item_354_9,3.3
354,Item_354_10,3.3
355,Item_355_1,4.6
355,Item_355_2,4.6
355,Item_355_3,4.6
355,Item_355_4,4.6
355,Item_355_5,4.6
355,Item_355_6,4.6
355,Item_355_7,4.6
355,Item_355_8,4.6
355,Item_355_9,4.6
355,Item_355_10,4.6
355,Item_355_11,4.6
355,Item_355_12,4.6
355,Item_355_13,4.6
355,Item_355_14,4.6
355,Item_355_15,4.6
355,Item_355_16,4.6
355,Item_355_17,4.6
355,Item_355_18,4.6
355,Item_355_19,4.6
356,Item_356_1,4.1
356,Item_356_2,4.1
356,Item_356_3,4.1
356,Item_356_4,4.1
356,Item_356_5,4.1
356,Item_356_6,4.1
356,Item_356_7,4.1
356,Item_356_8,4.1
356,Item_356_9,4.1
356,Item_356_10,4.1
356,Item_356_11,4.1
356,Item_356_12,4.1
356,Item_356_13,4.1
357,Item_357_1,3.4
357,Item_357_2,3.4
357,Item_357_3,3.4
357,Item_357_4,3.4
357,Item_357_5,3.4
357,Item_357_6,3.4
357,Item_357_7,3.4
358,Item_358_1,4.5
358,Item_358_2,4.5
358,Item_358_3,4.5
358,Item_358_4,4.5
358,Item_358_5,4.5
358,Item_358_6,4.5
358,Item_358_7,4.5
358,Item_358_8,4.5
358,Item_358_9,4.5
358,Item_358_10,4.5
358,Item_358_11,4.5
358,Item_358_12,4.5
358,Item_358_13,4.5
358,Item_358_14,4.5
358,Item_358_15,4.5
359,Item_359_1,4.3
359,Item_359_2,4.3
359,Item_359_3,4.3
359,Item_359_4,4.3
359,Item_359_5,4.3
359,Item_359_6,4.3
359,Item_359_7,4.3
359,Item_359_8,4.3
359,Item_359_9,4.3
359,Item_359_10,4.3
359,Item_359_11,4.3
359,Item_359_12,4.3
360,Item_360_1,3.6
360,Item_360_2,3.6
360,Item_360_3,3.6
360,Item_360_4,3.6
360,Item_360_5,3.6
360,Item_360_6,3.6
360,Item_360_7,3.6
360,Item_360_8,3.6
360,Item_360_9,3.6
361,Item_361_1,4.9
361,Item_361_2,4.9
361,Item_361_3,4.9
361,Item_361_4,4.9
361,Item_361_5,4.9
361,Item_361_6,4.9
361,Item_361_7,4.9
361,Item_361_8,4.9
361,Item_361_9,4.9
361,Item_361_10,4.9
361,Item_361_11,4.9
361,Item_361_12,4.9
361,Item_361_13,4.9
361,Item_361_14,4.9
361,Item_361_15,4.9
361,Item_361_16,4.9
361,Item_361_17,4.9
361,Item_361_18,4.9
361,Item_361_19,4.9
361,Item_361_20,4.9
361,Item_361_21,4.9
362,Item_362_1,3.8
362,Item_362_2,3.8
362,Item_362_3,3.8
362,Item_362_4,3.8
362,Item_362_5,3.8
362,Item_362_6,3.8
362,Item_362_7,3.8
362,Item_362_8,3.8
362,Item_362_9,3.8
362,Item_362_10,3.8
363,Item_363_1,3.1
363,Item_363_2,3.1
363,Item_363_3,3.1
363,Item_363_4,3.1
363,Item_363_5,3.1
363,Item_363_6,3.1
363,Item_363_7,3.1
363,Item_363_8,3.1
364,Item_364_1,4.7
364,Item_364_2,4.7
364,Item_364_3,4.7
364,Item_364_4,4.7
364,Item_364_5,4.7
364,Item_364_6,4.7
364,Item_364_7,4.7
364,Item_364_8,4.7
364,Item_364_9,4.7
364,Item_364_10,4.7
364,Item_364_11,4.7
364,Item_364_12,4.7
364,Item_364_13,4.7
364,Item_364_14,4.7
364,Item_364_15,4.7
364,Item_364_16,4.7
365,Item_365_1,4.1
365,Item_365_2,4.1
365,Item_365_3,4.1
365,Item_365_4,4.1
365,Item_365_5,4.1
365,Item_365_6,4.1
365,Item_365_7,4.1
365,Item_365_8,4.1
365,Item_365_9,4.1
365,Item_365_10,4.1
365,Item_365_11,4.1
366,Item_366_1,3.3
366,Item_366_2,3.3
366,Item_366_3,3.3
366,Item_366_4,3.3
366,Item_366_5,3.3
366,Item_366_6,3.3
366,Item_366_7,3.3
366,Item_366_8,3.3
366,Item_366_9,3.3
366,Item_366_10,3.3
367,Item_367_1,4.8
367,Item_367_2,4.8
367,Item_367_3,4.8
367,Item_367_4,4.8
367,Item_367_5,4.8
367,Item_367_6,4.8
367,Item_367_7,4.8
367,Item_367_8,4.8
367,Item_367_9,4.8
367,Item_367_10,4.8
367,Item_367_11,4.8
367,Item_367_12,4.8
367,Item_367_13,4.8
367,Item_367_14,4.8
367,Item_367_15,4.8
367,Item_367_16,4.8
367,Item_367_17,4.8
367,Item_367_18,4.8
367,Item_367_19,4.8
367,Item_367_20,4.8
368,Item_368_1,4.1
368,Item_368_2,4.1
368,Item_368_3,4.1
368,Item_368_4,4.1
368,Item_368_5,4.1
368,Item_368_6,4.1
368,Item_368_7,4.1
368,Item_368_8,4.1
368,Item_368_9,4.1
368,Item_368_10,4.1
368,Item_368_11,4.1
368,Item_368_12,4.1
368,Item_368_13,4.1
369,Item_369_1,3.4
369,Item_369_2,3.4
369,Item_369_3,3.4
369,Item_369_4,3.4
369,Item_369_5,3.4
369,Item_369_6,3.4
369,Item_369_7,3.4
370,Item_370_1,4.5
370,Item_370_2,4.5
370,Item_370_3,4.5
370,Item_370_4,4.5
370,Item_370_5,4.5
370,Item_370_6,4.5
370,Item_370_7,4.5
370,Item_370_8,4.5
370,Item_370_9,4.5
370,Item_370_10,4.5
370,Item_370_11,4.5
370,Item_370_12,4.5
370,Item_370_13,4.5
370,Item_370_14,4.5
370,Item_370_15,4.5
371,Item_371_1,4.1
371,Item_371_2,4.1
371,Item_371_3,4.1
371,Item_371_4,4.1
371,Item_371_5,4.1
371,Item_371_6,4.1
371,Item_371_7,4.1
371,Item_371_8,4.1
371,Item_371_9,4.1
371,Item_371_10,4.1
371,Item_371_11,4.1
371,Item_371_12,4.1
372,Item_372_1,3.6
372,Item_372_2,3.6
372,Item_372_3,3.6
372,Item_372_4,3.6
372,Item_372_5,3.6
372,Item_372_6,3.6
372,Item_372_7,3.6
372,Item_372_8,3.6
372,Item_372_9,3.6
373,Item_373_1,4.9
373,Item_373_2,4.9
373,Item_373_3,4.9
373,Item_373_4,4.9
373,Item_373_5,4.9
373,Item_373_6,4.9
373,Item_373_7,4.9
373,Item_373_8,4.9
373,Item_373_9,4.9
373,Item_373_10,4.9
373,Item_373_11,4.9
373,Item_373_12,4.9
373,Item_373_13,4.9
373,Item_373_14,4.9
373,Item_373_15,4.9
373,Item_373_16,4.9
373,Item_373_17,4.9
373,Item_373_18,4.9
373,Item_373_19,4.9
373,Item_373_20,4.9
373,Item_373_21,4.9
374,Item_374_1,3.8
374,Item_374_2,3.8
374,Item_374_3,3.8
374,Item_374_4,3.8
374,Item_374_5,3.8
374,Item_374_6,3.8
374,Item_374_7,3.8
374,Item_374_8,3.8
374,Item_374_9,3.8
374,Item_374_10,3.8
375,Item_375_1,3.0
375,Item_375_2,3.0
375,Item_375_3,3.0
375,Item_375_4,3.0
375,Item_375_5,3.0
375,Item_375_6,3.0
375,Item_375_7,3.0
375,Item_375_8,3.0
376,Item_376_1,4.5
376,Item_376_2,4.5
376,Item_376_3,4.5
376,Item_376_4,4.5
376,Item_376_5,4.5
376,Item_376_6,4.5
376,Item_376_7,4.5
376,Item_376_8,4.5
376,Item_376_9,4.5
376,Item_376_10,4.5
376,Item_376_11,4.5
376,Item_376_12,4.5
376,Item_376_13,4.5
376,Item_376_14,4.5
376,Item_376_15,4.5
376,Item_376_16,4.5
377,Item_377_1,4.2
377,Item_377_2,4.2
377,Item_377_3,4.2
377,Item_377_4,4.2
377,Item_377_5,4.2
377,Item_377_6,4.2
377,Item_377_7,4.2
377,Item_377_8,4.2
377,Item_377_9,4.2
377,Item_377_10,4.2
377,Item_377_11,4.2
378,Item_378_1,3.3
378,Item_378_2,3.3
378,Item_378_3,3.3
378,Item_378_4,3.3
378,Item_378_5,3.3
378,Item_378_6,3.3
378,Item_378_7,3.3
378,Item_378_8,3.3
378,Item_378_9,3.3
378,Item_378_10,3.3
379,Item_379_1,4.6
379,Item_379_2,4.6
379,Item_379_3,4.6
379,Item_379_4,4.6
379,Item_379_5,4.6
379,Item_379_6,4.6
379,Item_379_7,4.6
379,Item_379_8,4.6
379,Item_379_9,4.6
379,Item_379_10,4.6
379,Item_379_11,4.6
379,Item_379_12,4.6
379,Item_379_13,4.6
379,Item_379_14,4.6
379,Item_379_15,4.6
379,Item_379_16,4.6
379,Item_379_17,4.6
379,Item_379_18,4.6
379,Item_379_19,4.6
380,Item_380_1,4.1
380,Item_380_2,4.1
380,Item_380_3,4.1
380,Item_380_4,4.1
380,Item_380_5,4.1
380,Item_380_6,4.1
380,Item_380_7,4.1
380,Item_380_8,4.1
380,Item_380_9,4.1
380,Item_380_10,4.1
380,Item_380_11,4.1
380,Item_380_12,4.1
380,Item_380_13,4.1
381,Item_381_1,3.4
381,Item_381_2,3.4
381,Item_381_3,3.4
381,Item_381_4,3.4
381,Item_381_5,3.4
381,Item_381_6,3.4
381,Item_381_7,3.4
382,Item_382_1,4.5
382,Item_382_2,4.5
382,Item_382_3,4.5
382,Item_382_4,4.5
382,Item_382_5,4.5
382,Item_382_6,4.5
382,Item_382_7,4.5
382,Item_382_8,4.5
382,Item_382_9,4.5
382,Item_382_10,4.5
382,Item_382_11,4.5
382,Item_382_12,4.5
382,Item_382_13,4.5
382,Item_382_14,4.5
382,Item_382_15,4.5
383,Item_383_1,4.3
383,Item_383_2,4.3
383,Item_383_3,4.3
383,Item_383_4,4.3
383,Item_383_5,4.3
383,Item_383_6,4.3
383,Item_383_7,4.3
383,Item_383_8,4.3
383,Item_383_9,4.3
383,Item_383_10,4.3
383,Item_383_11,4.3
383,Item_383_12,4.3
384,Item_384_1,3.6
384,Item_384_2,3.6
384,Item_384_3,3.6
384,Item_384_4,3.6
384,Item_384_5,3.6
384,Item_384_6,3.6
384,Item_384_7,3.6
384,Item_384_8,3.6
384,Item_384_9,3.6
385,Item_385_1,4.9
385,Item_385_2,4.9
385,Item_385_3,4.9
385,Item_385_4,4.9
385,Item_385_5,4.9
385,Item_385_6,4.9
385,Item_385_7,4.9
385,Item_385_8,4.9
385,Item_385_9,4.9
385,Item_385_10,4.9
385,Item_385_11,4.9
385,Item_385_12,4.9
385,Item_385_13,4.9
385,Item_385_14,4.9
385,Item_385_15,4.9
385,Item_385_16,4.9
385,Item_385_17,4.9
385,Item_385_18,4.9
385,Item_385_19,4.9
385,Item_385_20,4.9
385,Item_385_21,4.9
386,Item_386_1,3.8
386,Item_386_2,3.8
386,Item_386_3,3.8
386,Item_386_4,3.8
386,Item_386_5,3.8
386,Item_386_6,3.8
386,Item_386_7,3.8
386,Item_386_8,3.8
386,Item_386_9,3.8
386,Item_386_10,3.8
387,Item_387_1,3.1
387,Item_387_2,3.1
387,Item_387_3,3.1
387,Item_387_4,3.1
387,Item_387_5,3.1
387,Item_387_6,3.1
387,Item_387_7,3.1
387,Item_387_8,3.1
388,Item_388_1,4.7
388,Item_388_2,4.7
388,Item_388_3,4.7
388,Item_388_4,4.7
388,Item_388_5,4.7
388,Item_388_6,4.7
388,Item_388_7,4.7
388,Item_388_8,4.7
388,Item_388_9,4.7
388,Item_388_10,4.7
388,Item_388_11,4.7
388,Item_388_12,4.7
388,Item_388_13,4.7
388,Item_388_14,4.7
388,Item_388_15,4.7
388,Item_388_16,4.7
389,Item_389_1,4.1
389,Item_389_2,4.1
389,Item_389_3,4.1
389,Item_389_4,4.1
389,Item_389_5,4.1
389,Item_389_6,4.1
389,Item_389_7,4.1
389,Item_389_8,4.1
389,Item_389_9,4.1
389,Item_389_10,4.1
389,Item_389_11,4.1
390,Item_390_1,3.3
390,Item_390_2,3.3
390,Item_390_3,3.3
390,Item_390_4,3.3
390,Item_390_5,3.3
390,Item_390_6,3.3
390,Item_390_7,3.3
390,Item_390_8,3.3
390,Item_390_9,3.3
390,Item_390_10,3.3
391,Item_391_1,4.8
391,Item_391_2,4.8
391,Item_391_3,4.8
391,Item_391_4,4.8
391,Item_391_5,4.8
391,Item_391_6,4.8
391,Item_391_7,4.8
391,Item_391_8,4.8
391,Item_391_9,4.8
391,Item_391_10,4.8
391,Item_391_11,4.8
391,Item_391_12,4.8
391,Item_391_13,4.8
391,Item_391_14,4.8
391,Item_391_15,4.8
391,Item_391_16,4.8
391,Item_391_17,4.8
391,Item_391_18,4.8
391,Item_391_19,4.8
391,Item_391_20,4.8
392,Item_392_1,4.1
392,Item_392_2,4.1
392,Item_392_3,4.1
392,Item_392_4,4.1
392,Item_392_5,4.1
392,Item_392_6,4.1
392,Item_392_7,4.1
392,Item_392_8,4.1
392,Item_392_9,4.1
392,Item_392_10,4.1
392,Item_392_11,4.1
392,Item_392_12,4.1
392,Item_392_13,4.1
393,Item_393_1,3.4
393,Item_393_2,3.4
393,Item_393_3,3.4
393,Item_393_4,3.4
393,Item_393_5,3.4
393,Item_393_6,3.4
393,Item_393_7,3.4
394,Item_394_1,4.5
394,Item_394_2,4.5
394,Item_394_3,4.5
394,Item_394_4,4.5
394,Item_394_5,4.5
394,Item_394_6,4.5
394,Item_394_7,4.5
394,Item_394_8,4.5
394,Item_394_9,4.5
394,Item_394_10,4.5
394,Item_394_11,4.5
394,Item_394_12,4.5
394,Item_394_13,4.5
394,Item_394_14,4.5
394,Item_394_15,4.5
395,Item_395_1,4.1
395,Item_395_2,4.1
395,Item_395_3,4.1
395,Item_395_4,4.1
395,Item_395_5,4.1
395,Item_395_6,4.1
395,Item_395_7,4.1
395,Item_395_8,4.1
395,Item_395_9,4.1
395,Item_395_10,4.1
395,Item_395_11,4.1
395,Item_395_12,4.1
396,Item_396_1,3.6
396,Item_396_2,3.6
396,Item_396_3,3.6
396,Item_396_4,3.6
396,Item_396_5,3.6
396,Item_396_6,3.6
396,Item_396_7,3.6
396,Item_396_8,3.6
396,Item_396_9,3.6
397,Item_397_1,4.9
397,Item_397_2,4.9
397,Item_397_3,4.9
397,Item_397_4,4.9
397,Item_397_5,4.9
397,Item_397_6,4.9
397,Item_397_7,4.9
397,Item_397_8,4.9
397,Item_397_9,4.9
397,Item_397_10,4.9
397,Item_397_11,4.9
397,Item_397_12,4.9
397,Item_397_13,4.9
397,Item_397_14,4.9
397,Item_397_15,4.9
397,Item_397_16,4.9
397,Item_397_17,4.9
397,Item_397_18,4.9
397,Item_397_19,4.9
397,Item_397_20,4.9
397,Item_397_21,4.9
398,Item_398_1,3.8
398,Item_398_2,3.8
398,Item_398_3,3.8
398,Item_398_4,3.8
398,Item_398_5,3.8
398,Item_398_6,3.8
398,Item_398_7,3.8
398,Item_398_8,3.8
398,Item_398_9,3.8
398,Item_398_10,3.8
399,Item_399_1,3.0
399,Item_399_2,3.0
399,Item_399_3,3.0
399,Item_399_4,3.0
399,Item_399_5,3.0
399,Item_399_6,3.0
399,Item_399_7,3.0
399,Item_399_8,3.0
400,Item_400_1,4.5
400,Item_400_2,4.5
400,Item_400_3,4.5
400,Item_400_4,4.5
400,Item_400_5,4.5
400,Item_400_6,4.5
400,Item_400_7,4.5
400,Item_400_8,4.5
400,Item_400_9,4.5
400,Item_400_10,4.5
400,Item_400_11,4.5
400,Item_400_12,4.5
400,Item_400_13,4.5
400,Item_400_14,4.5
400,Item_400_15,4.5
400,Item_400_16,4.5
401,Item_401_1,4.1
401,Item_401_2,4.1
401,Item_401_3,4.1
401,Item_401_4,4.1
401,Item_401_5,4.1
401,Item_401_6,4.1
401,Item_401_7,4.1
401,Item_401_8,4.1
401,Item_401_9,4.1
401,Item_401_10,4.1
401,Item_401_11,4.1
402,Item_402_1,3.3
402,Item_402_2,3.3
402,Item_402_3,3.3
402,Item_402_4,3.3
402,Item_402_5,3.3
402,Item_402_6,3.3
402,Item_402_7,3.3
402,Item_402_8,3.3
402,Item_402_9,3.3
402,Item_402_10,3.3
403,Item_403_1,4.6
403,Item_403_2,4.6
403,Item_403_3,4.6
403,Item_403_4,4.6
403,Item_403_5,4.6
403,Item_403_6,4.6
403,Item_403_7,4.6
403,Item_403_8,4.6
403,Item_403_9,4.6
403,Item_403_10,4.6
403,Item_403_11,4.6
403,Item_403_12,4.6
403,Item_403_13,4.6
403,Item_403_14,4.6
403,Item_403_15,4.6
403,Item_403_16,4.6
403,Item_403_17,4.6
403,Item_403_18,4.6
403,Item_403_19,4.6
404,Item_404_1,4.1
404,Item_404_2,4.1
404,Item_404_3,4.1
404,Item_404_4,4.1
404,Item_404_5,4.1
404,Item_404_6,4.1
404,Item_404_7,4.1
404,Item_404_8,4.1
404,Item_404_9,4.1
404,Item_404_10,4.1
404,Item_404_11,4.1
404,Item_404_12,4.1
404,Item_404_13,4.1
405,Item_405_1,3.4
405,Item_405_2,3.4
405,Item_405_3,3.4
405,Item_405_4,3.4
405,Item_405_5,3.4
405,Item_405_6,3.4
405,Item_405_7,3.4
406,Item_406_1,4.5
406,Item_406_2,4.5
406,Item_406_3,4.5
406,Item_406_4,4.5
406,Item_406_5,4.5
406,Item_406_6,4.5
406,Item_406_7,4.5
406,Item_406_8,4.5
406,Item_406_9,4.5
406,Item_406_10,4.5
406,Item_406_11,4.5
406,Item_406_12,4.5
406,Item_406_13,4.5
406,Item_406_14,4.5
406,Item_406_15,4.5
407,Item_407_1,4.3
407,Item_407_2,4.3
407,Item_407_3,4.3
407,Item_407_4,4.3
407,Item_407_5,4.3
407,Item_407_6,4.3
407,Item_407_7,4.3
407,Item_407_8,4.3
407,Item_407_9,4.3
407,Item_407_10,4.3
407,Item_407_11,4.3
407,Item_407_12,4.3
408,Item_408_1,3.6
408,Item_408_2,3.6
408,Item_408_3,3.6
408,Item_408_4,3.6
408,Item_408_5,3.6
408,Item_408_6,3.6
408,Item_408_7,3.6
408,Item_408_8,3.6
408,Item_408_9,3.6
409,Item_409_1,4.9
409,Item_409_2,4.9
409,Item_409_3,4.9
409,Item_409_4,4.9
409,Item_409_5,4.9
409,Item_409_6,4.9
409,Item_409_7,4.9
409,Item_409_8,4.9
409,Item_409_9,4.9
409,Item_409_10,4.9
409,Item_409_11,4.9
409,Item_409_12,4.9
409,Item_409_13,4.9
409,Item_409_14,4.9
409,Item_409_15,4.9
409,Item_409_16,4.9
409,Item_409_17,4.9
409,Item_409_18,4.9
409,Item_409_19,4.9
409,Item_409_20,4.9
409,Item_409_21,4.9
410,Item_410_1,3.8
410,Item_410_2,3.8
410,Item_410_3,3.8
410,Item_410_4,3.8
410,Item_410_5,3.8
410,Item_410_6,3.8
410,Item_410_7,3.8
410,Item_410_8,3.8
410,Item_410_9,3.8
410,Item_410_10,3.8
411,Item_411_1,3.1
411,Item_411_2,3.1
411,Item_411_3,3.1
411,Item_411_4,3.1
411,Item_411_5,3.1
411,Item_411_6,3.1
411,Item_411_7,3.1
411,Item_411_8,3.1
412,Item_412_1,4.7
412,Item_412_2,4.7
412,Item_412_3,4.7
412,Item_412_4,4.7
412,Item_412_5,4.7
412,Item_412_6,4.7
412,Item_412_7,4.7
412,Item_412_8,4.7
412,Item_412_9,4.7
412,Item_412_10,4.7
412,Item_412_11,4.7
412,Item_412_12,4.7
412,Item_412_13,4.7
412,Item_412_14,4.7
412,Item_412_15,4.7
412,Item_412_16,4.7
413,Item_413_1,4.1
413,Item_413_2,4.1
413,Item_413_3,4.1
413,Item_413_4,4.1
413,Item_413_5,4.1
413,Item_413_6,4.1
413,Item_413_7,4.1
413,Item_413_8,4.1
413,Item_413_9,4.1
413,Item_413_10,4.1
413,Item_413_11,4.1
414,Item_414_1,3.3
414,Item_414_2,3.3
414,Item_414_3,3.3
414,Item_414_4,3.3
414,Item_414_5,3.3
414,Item_414_6,3.3
414,Item_414_7,3.3
414,Item_414_8,3.3
414,Item_414_9,3.3
414,Item_414_10,3.3
415,Item_415_1,4.8
415,Item_415_2,4.8
415,Item_415_3,4.8
415,Item_415_4,4.8
415,Item_415_5,4.8
415,Item_415_6,4.8
415,Item_415_7,4.8
415,Item_415_8,4.8
415,Item_415_9,4.8
415,Item_415_10,4.8
415,Item_415_11,4.8
415,Item_415_12,4.8
415,Item_415_13,4.8
415,Item_415_14,4.8
415,Item_415_15,4.8
415,Item_415_16,4.8
415,Item_415_17,4.8
415,Item_415_18,4.8
415,Item_415_19,4.8
415,Item_415_20,4.8
416,Item_416_1,4.1
416,Item_416_2,4.1
416,Item_416_3,4.1
416,Item_416_4,4.1
416,Item_416_5,4.1
416,Item_416_6,4.1
416,Item_416_7,4.1
416,Item_416_8,4.1
416,Item_416_9,4.1
416,Item_416_10,4.1
416,Item_416_11,4.1
416,Item_416_12,4.1
416,Item_416_13,4.1
417,Item_417_1,3.4
417,Item_417_2,3.4
417,Item_417_3,3.4
417,Item_417_4,3.4
417,Item_417_5,3.4
417,Item_417_6,3.4
417,Item_417_7,3.4
418,Item_418_1,4.5
418,Item_418_2,4.5
418,Item_418_3,4.5
418,Item_418_4,4.5
418,Item_418_5,4.5
418,Item_418_6,4.5
418,Item_418_7,4.5
418,Item_418_8,4.5
418,Item_418_9,4.5
418,Item_418_10,4.5
418,Item_418_11,4.5
418,Item_418_12,4.5
418,Item_418_13,4.5
418,Item_418_14,4.5
418,Item_418_15,4.5
419,Item_419_1,4.1
419,Item_419_2,4.1
419,Item_419_3,4.1
419,Item_419_4,4.1
419,Item_419_5,4.1
419,Item_419_6,4.1
419,Item_419_7,4.1
419,Item_419_8,4.1
419,Item_419_9,4.1
419,Item_419_10,4.1
419,Item_419_11,4.1
419,Item_419_12,4.1
420,Item_420_1,3.6
420,Item_420_2,3.6
420,Item_420_3,3.6
420,Item_420_4,3.6
420,Item_420_5,3.6
420,Item_420_6,3.6
420,Item_420_7,3.6
420,Item_420_8,3.6
420,Item_420_9,3.6
421,Item_421_1,4.9
421,Item_421_2,4.9
421,Item_421_3,4.9
421,Item_421_4,4.9
421,Item_421_5,4.9
421,Item_421_6,4.9
421,Item_421_7,4.9
421,Item_421_8,4.9
421,Item_421_9,4.9
421,Item_421_10,4.9
421,Item_421_11,4.9
421,Item_421_12,4.9
421,Item_421_13,4.9
421,Item_421_14,4.9
421,Item_421_15,4.9
421,Item_421_16,4.9
421,Item_421_17,4.9
421,Item_421_18,4.9
421,Item_421_19,4.9
421,Item_421_20,4.9
421,Item_421_21,4.9
422,Item_422_1,3.8
422,Item_422_2,3.8
422,Item_422_3,3.8
422,Item_422_4,3.8
422,Item_422_5,3.8
422,Item_422_6,3.8
422,Item_422_7,3.8
422,Item_422_8,3.8
422,Item_422_9,3.8
422,Item_422_10,3.8
423,Item_423_1,3.0
423,Item_423_2,3.0
423,Item_423_3,3.0
423,Item_423_4,3.0
423,Item_423_5,3.0
423,Item_423_6,3.0
423,Item_423_7,3.0
423,Item_423_8,3.0
424,Item_424_1,4.5
424,Item_424_2,4.5
424,Item_424_3,4.5
424,Item_424_4,4.5
424,Item_424_5,4.5
424,Item_424_6,4.5
424,Item_424_7,4.5
424,Item_424_8,4.5
424,Item_424_9,4.5
424,Item_424_10,4.5
424,Item_424_11,4.5
424,Item_424_12,4.5
424,Item_424_13,4.5
424,Item_424_14,4.5
424,Item_424_15,4.5
424,Item_424_16,4.5
425,Item_425_1,4.2
425,Item_425_2,4.2
425,Item_425_3,4.2
425,Item_425_4,4.2
425,Item_425_5,4.2
425,Item_425_6,4.2
425,Item_425_7,4.2
425,Item_425_8,4.2
425,Item_425_9,4.2
425,Item_425_10,4.2
425,Item_425_11,4.2
426,Item_426_1,3.3
426,Item_426_2,3.3
426,Item_426_3,3.3
426,Item_426_4,3.3
426,Item_426_5,3.3
426,Item_426_6,3.3
426,Item_426_7,3.3
426,Item_426_8,3.3
426,Item_426_9,3.3
426,Item_426_10,3.3
427,Item_427_1,4.6
427,Item_427_2,4.6
427,Item_427_3,4.6
427,Item_427_4,4.6
427,Item_427_5,4.6
427,Item_427_6,4.6
427,Item_427_7,4.6
427,Item_427_8,4.6
427,Item_427_9,4.6
427,Item_427_10,4.6
427,Item_427_11,4.6
427,Item_427_12,4.6
427,Item_427_13,4.6
427,Item_427_14,4.6
427,Item_427_15,4.6
427,Item_427_16,4.6
427,Item_427_17,4.6
427,Item_427_18,4.6
427,Item_427_19,4.6
428,Item_428_1,4.1
428,Item_428_2,4.1
428,Item_428_3,4.1
428,Item_428_4,4.1
428,Item_428_5,4.1
428,Item_428_6,4.1
428,Item_428_7,4.1
428,Item_428_8,4.1
428,Item_428_9,4.1
428,Item_428_10,4.1
428,Item_428_11,4.1
428,Item_428_12,4.1
428,Item_428_13,4.1
429,Item_429_1,3.4
429,Item_429_2,3.4
429,Item_429_3,3.4
429,Item_429_4,3.4
429,Item_429_5,3.4
429,Item_429_6,3.4
429,Item_429_7,3.4
430,Item_430_1,4.5
430,Item_430_2,4.5
430,Item_430_3,4.5
430,Item_430_4,4.5
430,Item_430_5,4.5
430,Item_430_6,4.5
430,Item_430_7,4.5
430,Item_430_8,4.5
430,Item_430_9,4.5
430,Item_430_10,4.5
430,Item_430_11,4.5
430,Item_430_12,4.5
430,Item_430_13,4.5
430,Item_430_14,4.5
430,Item_430_15,4.5
431,Item_431_1,4.3
431,Item_431_2,4.3
431,Item_431_3,4.3
431,Item_431_4,4.3
431,Item_431_5,4.3
431,Item_431_6,4.3
431,Item_431_7,4.3
431,Item_431_8,4.3
431,Item_431_9,4.3
431,Item_431_10,4.3
431,Item_431_11,4.3
431,Item_431_12,4.3
432,Item_432_1,3.6
432,Item_432_2,3.6
432,Item_432_3,3.6
432,Item_432_4,3.6
432,Item_432_5,3.6
432,Item_432_6,3.6
432,Item_432_7,3.6
432,Item_432_8,3.6
432,Item_432_9,3.6
433,Item_433_1,4.9
433,Item_433_2,4.9
433,Item_433_3,4.9
433,Item_433_4,4.9
433,Item_433_5,4.9
433,Item_433_6,4.9
433,Item_433_7,4.9
433,Item_433_8,4.9
433,Item_433_9,4.9
433,Item_433_10,4.9
433,Item_433_11,4.9
433,Item_433_12,4.9
433,Item_433_13,4.9
433,Item_433_14,4.9
433,Item_433_15,4.9
433,Item_433_16,4.9
433,Item_433_17,4.9
433,Item_433_18,4.9
433,Item_433_19,4.9
433,Item_433_20,4.9
433,Item_433_21,4.9
434,Item_434_1,3.8
434,Item_434_2,3.8
434,Item_434_3,3.8
434,Item_434_4,3.8
434,Item_434_5,3.8
434,Item_434_6,3.8
434,Item_434_7,3.8
434,Item_434_8,3.8
434,Item_434_9,3.8
434,Item_434_10,3.8
435,Item_435_1,3.1
435,Item_435_2,3.1
435,Item_435_3,3.1
435,Item_435_4,3.1
435,Item_435_5,3.1
435,Item_435_6,3.1
435,Item_435_7,3.1
435,Item_435_8,3.1
436,Item_436_1,4.7
436,Item_436_2,4.7
436,Item_436_3,4.7
436,Item_436_4,4.7
436,Item_436_5,4.7
436,Item_436_6,4.7
436,Item_436_7,4.7
436,Item_436_8,4.7
436,Item_436_9,4.7
436,Item_436_10,4.7
436,Item_436_11,4.7
436,Item_436_12,4.7
436,Item_436_13,4.7
436,Item_436_14,4.7
436,Item_436_15,4.7
436,Item_436_16,4.7
437,Item_437_1,4.1
437,Item_437_2,4.1
437,Item_437_3,4.1
437,Item_437_4,4.1
437,Item_437_5,4.1
437,Item_437_6,4.1
437,Item_437_7,4.1
437,Item_437_8,4.1
437,Item_437_9,4.1
437,Item_437_10,4.1
437,Item_437_11,4.1
438,Item_438_1,3.3
438,Item_438_2,3.3
438,Item_438_3,3.3
438,Item_438_4,3.3
438,Item_438_5,3.3
438,Item_438_6,3.3
438,Item_438_7,3.3
438,Item_438_8,3.3
438,Item_438_9,3.3
438,Item_438_10,3.3
439,Item_439_1,4.8
439,Item_439_2,4.8
439,Item_439_3,4.8
439,Item_439_4,4.8
439,Item_439_5,4.8
439,Item_439_6,4.8
439,Item_439_7,4.8
439,Item_439_8,4.8
439,Item_439_9,4.8
439,Item_439_10,4.8
439,Item_439_11,4.8
439,Item_439_12,4.8
439,Item_439_13,4.8
439,Item_439_14,4.8
439,Item_439_15,4.8
439,Item_439_16,4.8
439,Item_439_17,4.8
439,Item_439_18,4.8
439,Item_439_19,4.8
439,Item_439_20,4.8
440,Item_440_1,4.1
440,Item_440_2,4.1
440,Item_440_3,4.1
440,Item_440_4,4.1
440,Item_440_5,4.1
440,Item_440_6,4.1
440,Item_440_7,4.1
440,Item_440_8,4.1
440,Item_440_9,4.1
440,Item_440_10,4.1
440,Item_440_11,4.1
440,Item_440_12,4.1
440,Item_440_13,4.1
441,Item_441_1,3.4
441,Item_441_2,3.4
441,Item_441_3,3.4
441,Item_441_4,3.4
441,Item_441_5,3.4
441,Item_441_6,3.4
441,Item_441_7,3.4
442,Item_442_1,4.5
442,Item_442_2,4.5
442,Item_442_3,4.5
442,Item_442_4,4.5
442,Item_442_5,4.5
442,Item_442_6,4.5
442,Item_442_7,4.5
442,Item_442_8,4.5
442,Item_442_9,4.5
442,Item_442_10,4.5
442,Item_442_11,4.5
442,Item_442_12,4.5
442,Item_442_13,4.5
442,Item_442_14,4.5
442,Item_442_15,4.5
443,Item_443_1,4.1
443,Item_443_2,4.1
443,Item_443_3,4.1
443,Item_443_4,4.1
443,Item_443_5,4.1
443,Item_443_6,4.1
443,Item_443_7,4.1
443,Item_443_8,4.1
443,Item_443_9,4.1
443,Item_443_10,4.1
443,Item_443_11,4.1
443,Item_443_12,4.1
444,Item_444_1,3.6
444,Item_444_2,3.6
444,Item_444_3,3.6
444,Item_444_4,3.6
444,Item_444_5,3.6
444,Item_444_6,3.6
444,Item_444_7,3.6
444,Item_444_8,3.6
444,Item_444_9,3.6
445,Item_445_1,4.9
445,Item_445_2,4.9
445,Item_445_3,4.9
445,Item_445_4,4.9
445,Item_445_5,4.9
445,Item_445_6,4.9
445,Item_445_7,4.9
445,Item_445_8,4.9
445,Item_445_9,4.9
445,Item_445_10,4.9
445,Item_445_11,4.9
445,Item_445_12,4.9
445,Item_445_13,4.9
445,Item_445_14,4.9
445,Item_445_15,4.9
445,Item_445_16,4.9
445,Item_445_17,4.9
445,Item_445_18,4.9
445,Item_445_19,4.9
445,Item_445_20,4.9
445,Item_445_21,4.9
446,Item_446_1,3.8
446,Item_446_2,3.8
446,Item_446_3,3.8
446,Item_446_4,3.8
446,Item_446_5,3.8
446,Item_446_6,3.8
446,Item_446_7,3.8
446,Item_446_8,3.8
446,Item_446_9,3.8
446,Item_446_10,3.8
447,Item_447_1,3.0
447,Item_447_2,3.0
447,Item_447_3,3.0
447,Item_447_4,3.0
447,Item_447_5,3.0
447,Item_447_6,3.0
447,Item_447_7,3.0
447,Item_447_8,3.0
448,Item_448_1,4.5
448,Item_448_2,4.5
448,Item_448_3,4.5
448,Item_448_4,4.5
448,Item_448_5,4.5
448,Item_448_6,4.5
448,Item_448_7,4.5
448,Item_448_8,4.5
448,Item_448_9,4.5
448,Item_448_10,4.5
448,Item_448_11,4.5
448,Item_448_12,4.5
448,Item_448_13,4.5
448,Item_448_14,4.5
448,Item_448_15,4.5
448,Item_448_16,4.5
449,Item_449_1,4.2
449,Item_449_2,4.2
449,Item_449_3,4.2
449,Item_449_4,4.2
449,Item_449_5,4.2
449,Item_449_6,4.2
449,Item_449_7,4.2
449,Item_449_8,4.2
449,Item_449_9,4.2
449,Item_449_10,4.2
449,Item_449_11,4.2
450,Item_450_1,3.3
450,Item_450_2,3.3
450,Item_450_3,3.3
450,Item_450_4,3.3
450,Item_450_5,3.3
450,Item_450_6,3.3
450,Item_450_7,3.3
450,Item_450_8,3.3
450,Item_450_9,3.3
450,Item_450_10,3.3
